stampid,colorid
1,1
1,2
1,3
1,4
1,5
2,6
2,7
2,8
2,9
2,10
3,11
3,12
3,13
3,14
3,15
4,16
4,17
4,18
4,19
4,20
5,5
5,21
5,22
5,23
5,24
6,25
6,26
6,27
6,28
6,29
8,30
8,31
8,32
8,33
8,34
9,35
9,36
9,37
9,38
9,39
10,40
10,41
10,42
10,43
10,44
11,45
11,46
11,47
11,48
11,49
12,50
12,51
12,52
12,53
12,54
13,55
13,56
13,57
13,58
13,59
14,60
14,61
14,62
14,63
14,64
15,65
15,66
15,67
15,68
15,69
16,70
16,71
16,72
16,73
16,74
17,75
17,76
17,77
17,78
17,79
18,80
18,81
18,82
18,83
18,84
19,85
19,86
19,87
19,88
19,89
20,90
20,91
20,92
20,93
20,94
21,95
21,96
21,97
21,98
21,99
22,100
22,101
22,102
22,103
22,104
23,105
23,106
23,107
23,108
23,109
24,110
24,111
24,112
24,113
24,114
25,115
25,116
25,117
25,118
25,119
27,120
27,121
27,122
27,123
27,124
28,125
28,126
28,127
28,128
28,129
29,130
29,131
29,132
29,133
29,134
30,135
30,136
30,137
30,138
30,139
31,140
31,141
31,142
31,143
31,144
32,145
32,146
32,147
32,148
32,149
33,150
33,151
33,152
33,153
33,154
34,155
34,156
34,157
34,158
34,159
35,160
35,161
35,162
35,163
35,164
37,165
37,166
37,167
37,168
37,169
38,170
38,171
38,172
38,173
38,174
39,175
39,176
39,177
39,178
39,179
40,180
40,181
40,182
40,183
40,184
43,185
43,186
43,187
43,188
43,189
44,190
44,191
44,192
44,193
44,194
45,195
45,196
45,197
45,198
45,199
46,200
46,201
46,202
46,203
46,204
48,205
48,206
48,207
48,208
48,209
49,210
49,211
49,212
49,213
49,214
50,215
50,216
50,217
50,218
50,219
51,220
51,221
51,222
51,223
51,224
53,225
53,226
53,227
53,228
53,229
54,230
54,231
54,232
54,233
54,234
55,235
55,236
55,237
55,238
55,239
57,240
57,241
57,242
57,243
57,244
58,245
58,246
58,247
58,248
58,249
59,250
59,251
59,252
59,253
59,254
61,255
61,256
61,257
61,258
61,259
62,260
62,261
62,262
62,263
62,264
63,265
63,266
63,267
63,268
63,269
64,270
64,271
64,272
64,273
64,274
65,275
65,276
65,277
65,278
65,279
67,280
67,281
67,282
67,283
67,284
68,285
68,286
68,287
68,288
68,289
69,290
69,291
69,292
69,293
69,294
71,279
71,295
71,296
71,297
71,298
72,299
72,300
72,301
72,302
72,303
73,304
73,305
73,306
73,307
73,308
74,309
74,310
74,311
74,312
74,313
75,314
75,315
75,316
75,317
75,318
77,319
77,320
77,321
77,322
77,323
78,324
78,325
78,326
78,327
78,328
79,329
79,330
79,331
79,332
79,333
80,334
80,335
80,336
80,337
80,338
82,339
82,340
82,341
82,342
82,343
83,344
83,345
83,346
83,347
83,348
84,349
84,350
84,351
84,352
84,353
85,354
85,355
85,356
85,357
85,358
86,359
86,360
86,361
86,362
86,363
87,364
87,365
87,366
87,367
87,368
88,369
88,370
88,371
88,372
88,373
89,374
89,375
89,376
89,377
89,378
91,379
91,380
91,381
91,382
91,383
92,384
92,385
92,386
92,387
92,388
93,389
93,390
93,391
93,392
93,393
94,394
94,395
94,396
94,397
94,398
95,399
95,400
95,401
95,402
95,403
97,404
97,405
97,406
97,407
97,408
98,409
98,410
98,411
98,412
98,413
99,414
99,415
99,416
99,417
99,418
100,419
100,420
100,421
100,422
100,423
101,424
101,425
101,426
101,427
101,428
103,429
103,430
103,431
103,432
103,433
104,434
104,435
104,436
104,437
104,438
105,439
105,440
105,441
105,442
105,443
106,444
106,445
106,446
106,447
106,448
107,449
107,450
107,451
107,452
107,453
108,454
108,455
108,456
108,457
108,458
110,459
110,460
110,461
110,462
110,463
111,464
111,465
111,466
111,467
111,468
112,469
112,470
112,471
112,472
112,473
113,474
113,475
113,476
113,477
113,478
116,479
116,480
116,481
116,482
116,483
117,484
117,485
117,486
117,487
117,488
119,489
119,490
119,491
119,492
119,493
120,494
120,495
120,496
120,497
120,498
121,499
121,500
121,501
121,502
121,503
122,504
122,505
122,506
122,507
122,508
123,509
123,510
123,511
123,512
123,513
124,514
124,515
124,516
124,517
124,518
125,519
125,520
125,521
125,522
125,523
126,524
126,525
126,526
126,527
126,528
129,529
129,530
129,531
129,532
129,533
130,534
130,535
130,536
130,537
130,538
132,539
132,540
132,541
132,542
132,543
133,544
133,545
133,546
133,547
133,548
134,549
134,550
134,551
134,552
134,553
135,554
135,555
135,556
135,557
135,558
136,559
136,560
136,561
136,562
136,563
137,564
137,565
137,566
137,567
137,568
138,569
138,570
138,571
138,572
138,573
141,574
141,575
141,576
141,577
141,578
142,579
142,580
142,581
142,582
142,583
144,584
144,585
144,586
144,587
144,588
145,589
145,590
145,591
145,592
145,593
146,594
146,595
146,596
146,597
146,598
148,599
148,600
148,601
148,602
148,603
149,604
149,605
149,606
149,607
149,608
150,609
150,610
150,611
150,612
150,613
152,614
152,615
152,616
152,617
152,618
153,619
153,620
153,621
153,622
153,623
154,624
154,625
154,626
154,627
154,628
155,629
155,630
155,631
155,632
155,633
157,634
157,635
157,636
157,637
157,638
158,639
158,640
158,641
158,642
158,643
159,644
159,645
159,646
159,647
159,648
160,239
160,649
160,650
160,651
160,652
163,653
163,654
163,655
163,656
163,657
164,658
164,659
164,660
164,661
164,662
166,663
166,664
166,665
166,666
166,667
167,668
167,669
167,670
167,671
167,672
168,673
168,674
168,675
168,676
168,677
170,678
170,679
170,680
170,681
170,682
171,683
171,684
171,685
171,686
171,687
172,688
172,689
172,690
172,691
172,692
173,693
173,694
173,695
173,696
173,697
175,274
175,698
175,699
175,700
175,701
176,257
176,702
176,703
176,704
176,705
177,706
177,707
177,708
177,709
177,710
178,711
178,712
178,713
178,714
178,715
181,716
181,717
181,718
181,719
181,720
182,721
182,722
182,723
182,724
182,725
183,726
183,727
183,728
183,729
183,730
185,731
185,732
185,733
185,734
185,735
186,736
186,737
186,738
186,739
186,740
188,741
188,742
188,743
188,744
188,745
189,746
189,747
189,748
189,749
189,750
190,751
190,752
190,753
190,754
190,755
191,756
191,757
191,758
191,759
191,760
192,761
192,762
192,763
192,764
192,765
194,766
194,767
194,768
194,769
194,770
195,771
195,772
195,773
195,774
195,775
196,776
196,777
196,778
196,779
196,780
197,781
197,782
197,783
197,784
197,785
200,786
200,787
200,788
200,789
200,790
201,787
201,791
201,792
201,793
201,794
203,795
203,796
203,797
203,798
203,799
204,800
204,801
204,802
204,803
204,804
205,633
205,805
205,806
205,807
205,808
206,809
206,810
206,811
206,812
206,813
208,814
208,815
208,816
208,817
208,818
209,819
209,820
209,821
209,822
209,823
210,824
210,825
210,826
210,827
210,828
211,829
211,830
211,831
211,832
211,833
212,834
212,835
212,836
212,837
212,838
215,839
215,840
215,841
215,842
215,843
216,844
216,845
216,846
216,847
216,848
217,849
217,850
217,851
217,852
217,853
219,854
219,855
219,856
219,857
219,858
220,859
220,860
220,861
220,862
220,863
221,864
221,865
221,866
221,867
221,868
222,869
222,870
222,871
222,872
222,873
224,874
224,875
224,876
224,877
224,878
225,879
225,880
225,881
225,882
225,883
227,884
227,885
227,886
227,887
227,888
228,889
228,890
228,891
228,892
228,893
229,894
229,895
229,896
229,897
229,898
231,899
231,900
231,901
231,902
231,903
232,904
232,905
232,906
232,907
232,908
233,909
233,910
233,911
233,912
233,913
234,914
234,915
234,916
234,917
234,918
237,919
237,920
237,921
237,922
237,923
238,924
238,925
238,926
238,927
238,928
239,929
239,930
239,931
239,932
239,933
240,934
240,935
240,936
240,937
240,938
241,939
241,940
241,941
241,942
241,943
242,944
242,945
242,946
242,947
242,948
243,949
243,950
243,951
243,952
243,953
244,954
244,955
244,956
244,957
244,958
246,959
246,960
246,961
246,962
246,963
247,964
247,965
247,966
247,967
247,968
248,969
248,970
248,971
248,972
248,973
250,974
250,975
250,976
250,977
250,978
251,979
251,980
251,981
251,982
251,983
252,984
252,985
252,986
252,987
252,988
253,989
253,990
253,991
253,992
253,993
256,994
256,995
256,996
256,997
256,998
257,999
257,1000
257,1001
257,1002
257,1003
258,1004
258,1005
258,1006
258,1007
258,1008
259,1009
259,1010
259,1011
259,1012
259,1013
260,1014
260,1015
260,1016
260,1017
260,1018
261,1019
261,1020
261,1021
261,1022
261,1023
262,1024
262,1025
262,1026
262,1027
262,1028
264,1029
264,1030
264,1031
264,1032
264,1033
265,1034
265,1035
265,1036
265,1037
265,1038
266,1039
266,1040
266,1041
266,1042
266,1043
267,1044
267,1045
267,1046
267,1047
267,1048
268,1049
268,1050
268,1051
268,1052
268,1053
269,1054
269,1055
269,1056
269,1057
269,1058
272,1059
272,1060
272,1061
272,1062
272,1063
273,614
273,1064
273,1065
273,1066
273,1067
274,1068
274,1069
274,1070
274,1071
274,1072
276,1073
276,1074
276,1075
276,1076
276,1077
277,1078
277,1079
277,1080
277,1081
277,1082
278,1083
278,1084
278,1085
278,1086
278,1087
279,1088
279,1089
279,1090
279,1091
279,1092
282,1093
282,1094
282,1095
282,1096
282,1097
283,1098
283,1099
283,1100
283,1101
283,1102
284,1103
284,1104
284,1105
284,1106
284,1107
285,544
285,1108
285,1109
285,1110
285,1111
287,1112
287,1113
287,1114
287,1115
287,1116
288,1117
288,1118
288,1119
288,1120
288,1121
290,1122
290,1123
290,1124
290,1125
290,1126
291,1127
291,1128
291,1129
291,1130
291,1131
292,1132
292,1133
292,1134
292,1135
292,1136
293,1137
293,1138
293,1139
293,1140
293,1141
294,1142
294,1143
294,1144
294,1145
294,1146
296,1147
296,1148
296,1149
296,1150
296,1151
297,1152
297,1153
297,1154
297,1155
297,1156
298,1157
298,1158
298,1159
298,1160
298,1161
299,1162
299,1163
299,1164
299,1165
299,1166
302,1167
302,1168
302,1169
302,1170
302,1171
303,1172
303,1173
303,1174
303,1175
303,1176
304,1177
304,1178
304,1179
304,1180
304,1181
305,1182
305,1183
305,1184
305,1185
305,1186
306,1187
306,1188
306,1189
306,1190
306,1191
308,1192
308,1193
308,1194
308,1195
308,1196
309,1197
309,1198
309,1199
309,1200
309,1201
311,1202
311,1203
311,1204
311,1205
311,1206
312,1207
312,1208
312,1209
312,1210
312,1211
313,1212
313,1213
313,1214
313,1215
313,1216
314,1217
314,1218
314,1219
314,1220
314,1221
316,1222
316,1223
316,1224
316,1225
316,1226
317,1227
317,1228
317,1229
317,1230
317,1231
318,1232
318,1233
318,1234
318,1235
318,1236
319,1237
319,1238
319,1239
319,1240
319,1241
320,1242
320,1243
320,1244
320,1245
320,1246
321,1247
321,1248
321,1249
321,1250
321,1251
323,1252
323,1253
323,1254
323,1255
323,1256
324,1257
324,1258
324,1259
324,1260
324,1261
325,1262
325,1263
325,1264
325,1265
325,1266
326,1267
326,1268
326,1269
326,1270
326,1271
327,1272
327,1273
327,1274
327,1275
327,1276
329,279
329,1277
329,1278
329,1279
329,1280
330,1281
330,1282
330,1283
330,1284
330,1285
331,1286
331,1287
331,1288
331,1289
331,1290
332,1291
332,1292
332,1293
332,1294
332,1295
333,1296
333,1297
333,1298
333,1299
333,1300
335,1301
335,1302
335,1303
335,1304
335,1305
336,1306
336,1307
336,1308
336,1309
336,1310
338,1311
338,1312
338,1313
338,1314
338,1315
339,1316
339,1317
339,1318
339,1319
339,1320
340,417
340,1321
340,1322
340,1323
340,1324
341,1325
341,1326
341,1327
341,1328
341,1329
343,1330
343,1331
343,1332
343,1333
343,1334
344,1335
344,1336
344,1337
344,1338
344,1339
345,1340
345,1341
345,1342
345,1343
345,1344
346,1345
346,1346
346,1347
346,1348
346,1349
347,1350
347,1351
347,1352
347,1353
347,1354
348,1355
348,1356
348,1357
348,1358
348,1359
349,1360
349,1361
349,1362
349,1363
349,1364
350,1365
350,1366
350,1367
350,1368
350,1369
351,1370
351,1371
351,1372
351,1373
351,1374
353,1375
353,1376
353,1377
353,1378
353,1379
355,1380
355,1381
355,1382
355,1383
355,1384
356,1385
356,1386
356,1387
356,1388
356,1389
357,1390
357,1391
357,1392
357,1393
357,1394
358,1395
358,1396
358,1397
358,1398
358,1399
359,1400
359,1401
359,1402
359,1403
359,1404
360,1405
360,1406
360,1407
360,1408
360,1409
361,1410
361,1411
361,1412
361,1413
361,1414
364,1415
364,1416
364,1417
364,1418
364,1419
365,1420
365,1421
365,1422
365,1423
365,1424
367,1425
367,1426
367,1427
367,1428
367,1429
368,1430
368,1431
368,1432
368,1433
368,1434
369,1435
369,1436
369,1437
369,1438
369,1439
370,1440
370,1441
370,1442
370,1443
370,1444
371,1445
371,1446
371,1447
371,1448
371,1449
373,1450
373,1451
373,1452
373,1453
373,1454
374,1455
374,1456
374,1457
374,1458
374,1459
375,1460
375,1461
375,1462
375,1463
375,1464
376,1465
376,1466
376,1467
376,1468
376,1469
378,1470
378,1471
378,1472
378,1473
378,1474
379,1475
379,1476
379,1477
379,1478
379,1479
380,1480
380,1481
380,1482
380,1483
380,1484
381,1485
381,1486
381,1487
381,1488
381,1489
382,1490
382,1491
382,1492
382,1493
382,1494
383,1495
383,1496
383,1497
383,1498
383,1499
384,1500
384,1501
384,1502
384,1503
384,1504
386,1505
386,1506
386,1507
386,1508
386,1509
387,1510
387,1511
387,1512
387,1513
387,1514
388,1515
388,1516
388,1517
388,1518
388,1519
389,1520
389,1521
389,1522
389,1523
389,1524
391,1525
391,1526
391,1527
391,1528
391,1529
392,1530
392,1531
392,1532
392,1533
392,1534
394,1535
394,1536
394,1537
394,1538
394,1539
395,1540
395,1541
395,1542
395,1543
395,1544
396,1545
396,1546
396,1547
396,1548
396,1549
397,1550
397,1551
397,1552
397,1553
397,1554
398,1555
398,1556
398,1557
398,1558
398,1559
399,1560
399,1561
399,1562
399,1563
399,1564
401,1565
401,1566
401,1567
401,1568
401,1569
402,1570
402,1571
402,1572
402,1573
402,1574
403,1575
403,1576
403,1577
403,1578
403,1579
405,1580
405,1581
405,1582
405,1583
405,1584
406,1585
406,1586
406,1587
406,1588
406,1589
407,1590
407,1591
407,1592
407,1593
407,1594
408,1595
408,1596
408,1597
408,1598
408,1599
410,1600
410,1601
410,1602
410,1603
410,1604
411,1605
411,1606
411,1607
411,1608
411,1609
413,1610
413,1611
413,1612
413,1613
413,1614
414,1615
414,1616
414,1617
414,1618
414,1619
415,1620
415,1621
415,1622
415,1623
415,1624
416,1625
416,1626
416,1627
416,1628
416,1629
417,1630
417,1631
417,1632
417,1633
417,1634
418,1635
418,1636
418,1637
418,1638
418,1639
420,1640
420,1641
420,1642
420,1643
420,1644
421,1645
421,1646
421,1647
421,1648
421,1649
422,1650
422,1651
422,1652
422,1653
422,1654
423,1655
423,1656
423,1657
423,1658
423,1659
424,1660
424,1661
424,1662
424,1663
424,1664
425,1665
425,1666
425,1667
425,1668
425,1669
427,1670
427,1671
427,1672
427,1673
427,1674
429,1675
429,1676
429,1677
429,1678
429,1679
430,1680
430,1681
430,1682
430,1683
430,1684
432,1685
432,1686
432,1687
432,1688
432,1689
433,1690
433,1691
433,1692
433,1693
433,1694
434,1695
434,1696
434,1697
434,1698
434,1699
435,1700
435,1701
435,1702
435,1703
435,1704
436,1705
436,1706
436,1707
436,1708
436,1709
437,1710
437,1711
437,1712
437,1713
437,1714
439,1715
439,1716
439,1717
439,1718
439,1719
440,1720
440,1721
440,1722
440,1723
440,1724
441,1725
441,1726
441,1727
441,1728
441,1729
442,1730
442,1731
442,1732
442,1733
442,1734
443,1735
443,1736
443,1737
443,1738
443,1739
445,1740
445,1741
445,1742
445,1743
445,1744
446,1745
446,1746
446,1747
446,1748
446,1749
447,1750
447,1751
447,1752
447,1753
447,1754
448,1755
448,1756
448,1757
448,1758
448,1759
450,1338
450,1760
450,1761
450,1762
450,1763
451,1764
451,1765
451,1766
451,1767
451,1768
452,1769
452,1770
452,1771
452,1772
452,1773
453,1774
453,1775
453,1776
453,1777
453,1778
454,1779
454,1780
454,1781
454,1782
454,1783
456,1784
456,1785
456,1786
456,1787
456,1788
457,1789
457,1790
457,1791
457,1792
457,1793
458,1794
458,1795
458,1796
458,1797
458,1798
459,1799
459,1800
459,1801
459,1802
459,1803
461,1804
461,1805
461,1806
461,1807
461,1808
462,1809
462,1810
462,1811
462,1812
462,1813
463,1814
463,1815
463,1816
463,1817
463,1818
465,1819
465,1820
465,1821
465,1822
465,1823
466,1824
466,1825
466,1826
466,1827
466,1828
467,1829
467,1830
467,1831
467,1832
467,1833
469,1834
469,1835
469,1836
469,1837
469,1838
470,1839
470,1840
470,1841
470,1842
470,1843
471,1844
471,1845
471,1846
471,1847
471,1848
473,1849
473,1850
473,1851
473,1852
473,1853
474,1854
474,1855
474,1856
474,1857
474,1858
475,1859
475,1860
475,1861
475,1862
475,1863
477,1864
477,1865
477,1866
477,1867
477,1868
478,1869
478,1870
478,1871
478,1872
478,1873
479,1874
479,1875
479,1876
479,1877
479,1878
480,1879
480,1880
480,1881
480,1882
480,1883
482,1884
482,1885
482,1886
482,1887
482,1888
483,1889
483,1890
483,1891
483,1892
483,1893
485,1894
485,1895
485,1896
485,1897
485,1898
486,1899
486,1900
486,1901
486,1902
486,1903
487,1904
487,1905
487,1906
487,1907
487,1908
489,59
489,1909
489,1910
489,1911
489,1912
491,1913
491,1914
491,1915
491,1916
491,1917
492,1918
492,1919
492,1920
492,1921
492,1922
493,1923
493,1924
493,1925
493,1926
493,1927
494,1928
494,1929
494,1930
494,1931
494,1932
495,1933
495,1934
495,1935
495,1936
495,1937
497,1938
497,1939
497,1940
497,1941
497,1942
498,1943
498,1944
498,1945
498,1946
498,1947
499,1678
499,1948
499,1949
499,1950
499,1951
501,1952
501,1953
501,1954
501,1955
501,1956
502,1957
502,1958
502,1959
502,1960
502,1961
503,1962
503,1963
503,1964
503,1965
503,1966
504,1967
504,1968
504,1969
504,1970
504,1971
506,1972
506,1973
506,1974
506,1975
506,1976
507,1977
507,1978
507,1979
507,1980
507,1981
508,1982
508,1983
508,1984
508,1985
508,1986
510,1987
510,1988
510,1989
510,1990
510,1991
512,1992
512,1993
512,1994
512,1995
512,1996
513,1997
513,1998
513,1999
513,2000
513,2001
514,2002
514,2003
514,2004
514,2005
514,2006
515,2007
515,2008
515,2009
515,2010
515,2011
516,2012
516,2013
516,2014
516,2015
516,2016
518,2017
518,2018
518,2019
518,2020
518,2021
519,2022
519,2023
519,2024
519,2025
519,2026
520,2027
520,2028
520,2029
520,2030
520,2031
521,2032
521,2033
521,2034
521,2035
521,2036
523,2037
523,2038
523,2039
523,2040
523,2041
524,2042
524,2043
524,2044
524,2045
524,2046
526,2047
526,2048
526,2049
526,2050
526,2051
527,2052
527,2053
527,2054
527,2055
527,2056
528,2057
528,2058
528,2059
528,2060
528,2061
529,2062
529,2063
529,2064
529,2065
529,2066
530,2067
530,2068
530,2069
530,2070
530,2071
531,2072
531,2073
531,2074
531,2075
531,2076
532,2077
532,2078
532,2079
532,2080
532,2081
533,2082
533,2083
533,2084
533,2085
533,2086
535,2087
535,2088
535,2089
535,2090
535,2091
536,2092
536,2093
536,2094
536,2095
536,2096
537,2097
537,2098
537,2099
537,2100
537,2101
538,2102
538,2103
538,2104
538,2105
538,2106
540,2107
540,2108
540,2109
540,2110
540,2111
541,2112
541,2113
541,2114
541,2115
541,2116
543,2117
543,2118
543,2119
543,2120
543,2121
544,2122
544,2123
544,2124
544,2125
544,2126
545,2127
545,2128
545,2129
545,2130
545,2131
546,2132
546,2133
546,2134
546,2135
546,2136
547,2137
547,2138
547,2139
547,2140
547,2141
549,2142
549,2143
549,2144
549,2145
549,2146
550,2147
550,2148
550,2149
550,2150
550,2151
551,2152
551,2153
551,2154
551,2155
551,2156
553,2157
553,2158
553,2159
553,2160
553,2161
555,2162
555,2163
555,2164
555,2165
555,2166
556,2167
556,2168
556,2169
556,2170
556,2171
557,2172
557,2173
557,2174
557,2175
557,2176
558,2177
558,2178
558,2179
558,2180
558,2181
559,2182
559,2183
559,2184
559,2185
559,2186
560,2187
560,2188
560,2189
560,2190
560,2191
561,2192
561,2193
561,2194
561,2195
561,2196
562,2197
562,2198
562,2199
562,2200
562,2201
563,2202
563,2203
563,2204
563,2205
563,2206
565,2207
565,2208
565,2209
565,2210
565,2211
566,2212
566,2213
566,2214
566,2215
566,2216
567,2217
567,2218
567,2219
567,2220
567,2221
568,2222
568,2223
568,2224
568,2225
568,2226
569,2227
569,2228
569,2229
569,2230
569,2231
572,2232
572,2233
572,2234
572,2235
572,2236
573,2237
573,2238
573,2239
573,2240
573,2241
575,2242
575,2243
575,2244
575,2245
575,2246
576,2247
576,2248
576,2249
576,2250
576,2251
577,2252
577,2253
577,2254
577,2255
577,2256
578,2257
578,2258
578,2259
578,2260
578,2261
579,2262
579,2263
579,2264
579,2265
579,2266
580,2267
580,2268
580,2269
580,2270
580,2271
581,2272
581,2273
581,2274
581,2275
581,2276
582,2277
582,2278
582,2279
582,2280
582,2281
583,2282
583,2283
583,2284
583,2285
583,2286
585,1162
585,2287
585,2288
585,2289
585,2290
586,2291
586,2292
586,2293
586,2294
586,2295
588,2296
588,2297
588,2298
588,2299
588,2300
589,2301
589,2302
589,2303
589,2304
589,2305
591,2306
591,2307
591,2308
591,2309
591,2310
592,2311
592,2312
592,2313
592,2314
592,2315
593,2316
593,2317
593,2318
593,2319
593,2320
595,2321
595,2322
595,2323
595,2324
595,2325
596,2326
596,2327
596,2328
596,2329
596,2330
597,2331
597,2332
597,2333
597,2334
597,2335
598,2336
598,2337
598,2338
598,2339
598,2340
599,2341
599,2342
599,2343
599,2344
599,2345
601,2346
601,2347
601,2348
601,2349
601,2350
602,2351
602,2352
602,2353
602,2354
602,2355
604,2356
604,2357
604,2358
604,2359
604,2360
605,2361
605,2362
605,2363
605,2364
605,2365
606,2366
606,2367
606,2368
606,2369
606,2370
607,2371
607,2372
607,2373
607,2374
607,2375
608,2376
608,2377
608,2378
608,2379
608,2380
610,2381
610,2382
610,2383
610,2384
610,2385
611,2386
611,2387
611,2388
611,2389
611,2390
614,2391
614,2392
614,2393
614,2394
614,2395
615,2396
615,2397
615,2398
615,2399
615,2400
617,2401
617,2402
617,2403
617,2404
617,2405
618,2406
618,2407
618,2408
618,2409
618,2410
619,2411
619,2412
619,2413
619,2414
619,2415
620,2416
620,2417
620,2418
620,2419
620,2420
621,2421
621,2422
621,2423
621,2424
621,2425
624,2426
624,2427
624,2428
624,2429
624,2430
625,2431
625,2432
625,2433
625,2434
625,2435
626,2436
626,2437
626,2438
626,2439
626,2440
627,2441
627,2442
627,2443
627,2444
627,2445
628,2446
628,2447
628,2448
628,2449
628,2450
630,2451
630,2452
630,2453
630,2454
630,2455
631,2456
631,2457
631,2458
631,2459
631,2460
637,2461
637,2462
637,2463
637,2464
637,2465
638,2466
638,2467
638,2468
638,2469
638,2470
640,2471
640,2472
640,2473
640,2474
640,2475
641,1315
641,2476
641,2477
641,2478
641,2479
642,695
642,2480
642,2481
642,2482
642,2483
643,2484
643,2485
643,2486
643,2487
643,2488
650,2489
650,2490
650,2491
650,2492
650,2493
651,2494
651,2495
651,2496
651,2497
651,2498
653,2499
653,2500
653,2501
653,2502
653,2503
654,2504
654,2505
654,2506
654,2507
654,2508
660,2509
660,2510
660,2511
660,2512
660,2513
661,2514
661,2515
661,2516
661,2517
661,2518
663,2519
663,2520
663,2521
663,2522
663,2523
664,2524
664,2525
664,2526
664,2527
664,2528
665,2529
665,2530
665,2531
665,2532
665,2533
666,2534
666,2535
666,2536
666,2537
666,2538
667,2539
667,2540
667,2541
667,2542
667,2543
668,2544
668,2545
668,2546
668,2547
668,2548
669,2549
669,2550
669,2551
669,2552
669,2553
670,2554
670,2555
670,2556
670,2557
670,2558
671,2559
671,2560
671,2561
671,2562
671,2563
672,2564
672,2565
672,2566
672,2567
672,2568
675,2569
675,2570
675,2571
675,2572
675,2573
676,2574
676,2575
676,2576
676,2577
676,2578
678,2579
678,2580
678,2581
678,2582
678,2583
679,2584
679,2585
679,2586
679,2587
679,2588
682,2589
682,2590
682,2591
682,2592
682,2593
683,2594
683,2595
683,2596
683,2597
683,2598
685,2599
685,2600
685,2601
685,2602
685,2603
686,2604
686,2605
686,2606
686,2607
686,2608
687,2609
687,2610
687,2611
687,2612
687,2613
688,2614
688,2615
688,2616
688,2617
688,2618
689,2619
689,2620
689,2621
689,2622
689,2623
696,2624
696,2625
696,2626
696,2627
696,2628
697,2629
697,2630
697,2631
697,2632
697,2633
698,2634
698,2635
698,2636
698,2637
698,2638
701,2639
701,2640
701,2641
701,2642
701,2643
702,2644
702,2645
702,2646
702,2647
702,2648
704,2649
704,2650
704,2651
704,2652
704,2653
705,2654
705,2655
705,2656
705,2657
705,2658
707,2659
707,2660
707,2661
707,2662
707,2663
708,2664
708,2665
708,2666
708,2667
708,2668
709,2669
709,2670
709,2671
709,2672
709,2673
710,2674
710,2675
710,2676
710,2677
710,2678
711,1739
711,2679
711,2680
711,2681
711,2682
712,2683
712,2684
712,2685
712,2686
712,2687
713,234
713,2683
713,2688
713,2689
713,2690
714,638
714,2691
714,2692
714,2693
714,2694
717,2695
717,2696
717,2697
717,2698
717,2699
718,2700
718,2701
718,2702
718,2703
718,2704
719,2705
719,2706
719,2707
719,2708
719,2709
721,2710
721,2711
721,2712
721,2713
721,2714
722,2715
722,2716
722,2717
722,2718
722,2719
724,2720
724,2721
724,2722
724,2723
724,2724
726,2725
726,2726
726,2727
726,2728
726,2729
727,2730
727,2731
727,2732
727,2733
727,2734
729,2735
729,2736
729,2737
729,2738
729,2739
730,2740
730,2741
730,2742
730,2743
730,2744
731,2745
731,2746
731,2747
731,2748
731,2749
732,2750
732,2751
732,2752
732,2753
732,2754
733,2755
733,2756
733,2757
733,2758
733,2759
734,2760
734,2761
734,2762
734,2763
734,2764
735,2765
735,2766
735,2767
735,2768
735,2769
736,2770
736,2771
736,2772
736,2773
736,2774
737,2775
737,2776
737,2777
737,2778
737,2779
738,2780
738,2781
738,2782
738,2783
738,2784
741,2785
741,2786
741,2787
741,2788
741,2789
743,1679
743,2790
743,2791
743,2792
743,2793
744,2794
744,2795
744,2796
744,2797
744,2798
745,2799
745,2800
745,2801
745,2802
745,2803
747,2804
747,2805
747,2806
747,2807
747,2808
748,2809
748,2810
748,2811
748,2812
748,2813
750,2814
750,2815
750,2816
750,2817
750,2818
751,2819
751,2820
751,2821
751,2822
751,2823
753,2824
753,2825
753,2826
753,2827
753,2828
754,2829
754,2830
754,2831
754,2832
754,2833
755,2834
755,2835
755,2836
755,2837
755,2838
756,2839
756,2840
756,2841
756,2842
756,2843
757,2844
757,2845
757,2846
757,2847
757,2848
759,2849
759,2850
759,2851
759,2852
759,2853
765,2854
765,2855
765,2856
765,2857
765,2858
766,2859
766,2860
766,2861
766,2862
766,2863
767,2864
767,2865
767,2866
767,2867
767,2868
769,2869
769,2870
769,2871
769,2872
769,2873
770,2874
770,2875
770,2876
770,2877
770,2878
771,2879
771,2880
771,2881
771,2882
771,2883
772,2884
772,2885
772,2886
772,2887
772,2888
774,2889
774,2890
774,2891
774,2892
774,2893
775,2894
775,2895
775,2896
775,2897
775,2898
777,2899
777,2900
777,2901
777,2902
777,2903
779,2904
779,2905
779,2906
779,2907
779,2908
780,2899
780,2900
780,2901
780,2902
780,2903
782,2904
782,2905
782,2906
782,2907
782,2908
786,2909
786,2910
786,2911
786,2912
786,2913
787,2914
787,2915
787,2916
787,2917
787,2918
788,2919
788,2920
788,2921
788,2922
788,2923
795,2924
795,2925
795,2926
795,2927
795,2928
796,2929
796,2930
796,2931
796,2932
796,2933
797,2934
797,2935
797,2936
797,2937
797,2938
798,2939
798,2940
798,2941
798,2942
798,2943
801,2944
801,2945
801,2946
801,2947
801,2948
802,2949
802,2950
802,2951
802,2952
802,2953
805,2954
805,2955
805,2956
805,2957
805,2958
806,2959
806,2960
806,2961
806,2962
806,2963
807,2964
807,2965
807,2966
807,2967
807,2968
808,2969
808,2970
808,2971
808,2972
808,2973
810,2974
810,2975
810,2976
810,2977
810,2978
811,2979
811,2980
811,2981
811,2982
811,2983
812,2984
812,2985
812,2986
812,2987
812,2988
814,1365
814,2989
814,2990
814,2991
814,2992
815,181
815,2993
815,2994
815,2995
815,2996
818,2997
818,2998
818,2999
818,3000
818,3001
819,3002
819,3003
819,3004
819,3005
819,3006
820,3007
820,3008
820,3009
820,3010
820,3011
821,3012
821,3013
821,3014
821,3015
821,3016
822,2979
822,3017
822,3018
822,3019
822,3020
823,3021
823,3022
823,3023
823,3024
823,3025
824,3022
824,3026
824,3027
824,3028
824,3029
825,3003
825,3030
825,3031
825,3032
825,3033
826,3034
826,3035
826,3036
826,3037
826,3038
828,3039
828,3040
828,3041
828,3042
828,3043
829,3044
829,3045
829,3046
829,3047
829,3048
830,3049
830,3050
830,3051
830,3052
830,3053
833,3054
833,3055
833,3056
833,3057
833,3058
834,3059
834,3060
834,3061
834,3062
834,3063
836,11
836,3064
836,3065
836,3066
836,3067
837,3068
837,3069
837,3070
837,3071
837,3072
838,3073
838,3074
838,3075
838,3076
838,3077
839,3078
839,3079
839,3080
839,3081
839,3082
841,3083
841,3084
841,3085
841,3086
841,3087
842,3088
842,3089
842,3090
842,3091
842,3092
843,3093
843,3094
843,3095
843,3096
843,3097
844,3098
844,3099
844,3100
844,3101
844,3102
847,3103
847,3104
847,3105
847,3106
847,3107
848,3108
848,3109
848,3110
848,3111
848,3112
849,3113
849,3114
849,3115
849,3116
849,3117
850,3118
850,3119
850,3120
850,3121
850,3122
853,3123
853,3124
853,3125
853,3126
853,3127
854,3128
854,3129
854,3130
854,3131
854,3132
855,1678
855,3133
855,3134
855,3135
855,3136
856,3137
856,3138
856,3139
856,3140
856,3141
858,3142
858,3143
858,3144
858,3145
858,3146
859,3147
859,3148
859,3149
859,3150
859,3151
860,3152
860,3153
860,3154
860,3155
860,3156
861,3157
861,3158
861,3159
861,3160
861,3161
864,3162
864,3163
864,3164
864,3165
864,3166
865,3167
865,3168
865,3169
865,3170
865,3171
870,3172
870,3173
870,3174
870,3175
870,3176
871,985
871,3177
871,3178
871,3179
871,3180
872,3181
872,3182
872,3183
872,3184
872,3185
873,3186
873,3187
873,3188
873,3189
873,3190
874,3191
874,3192
874,3193
874,3194
874,3195
880,3196
880,3197
880,3198
880,3199
880,3200
881,3201
881,3202
881,3203
881,3204
881,3205
882,3206
882,3207
882,3208
882,3209
882,3210
883,3211
883,3212
883,3213
883,3214
883,3215
884,3216
884,3217
884,3218
884,3219
884,3220
885,3221
885,3222
885,3223
885,3224
885,3225
886,3226
886,3227
886,3228
886,3229
886,3230
887,3231
887,3232
887,3233
887,3234
887,3235
888,3236
888,3237
888,3238
888,3239
888,3240
889,3241
889,3242
889,3243
889,3244
889,3245
890,3246
890,3247
890,3248
890,3249
890,3250
891,3251
891,3252
891,3253
891,3254
891,3255
892,3256
892,3257
892,3258
892,3259
892,3260
893,3261
893,3262
893,3263
893,3264
893,3265
894,3266
894,3267
894,3268
894,3269
894,3270
896,3271
896,3272
896,3273
896,3274
896,3275
897,3276
897,3277
897,3278
897,3279
897,3280
898,3281
898,3282
898,3283
898,3284
898,3285
899,3286
899,3287
899,3288
899,3289
899,3290
902,3291
902,3292
902,3293
902,3294
902,3295
904,3296
904,3297
904,3298
904,3299
904,3300
905,3301
905,3302
905,3303
905,3304
905,3305
907,3306
907,3307
907,3308
907,3309
907,3310
909,3311
909,3312
909,3313
909,3314
909,3315
911,3316
911,3317
911,3318
911,3319
911,3320
912,3321
912,3322
912,3323
912,3324
912,3325
917,3326
917,3327
917,3328
917,3329
917,3330
918,3331
918,3332
918,3333
918,3334
918,3335
919,3336
919,3337
919,3338
919,3339
919,3340
920,3341
920,3342
920,3343
920,3344
920,3345
923,3346
923,3347
923,3348
923,3349
923,3350
924,3351
924,3352
924,3353
924,3354
924,3355
925,3356
925,3357
925,3358
925,3359
925,3360
927,3361
927,3362
927,3363
927,3364
927,3365
928,3366
928,3367
928,3368
928,3369
928,3370
929,3371
929,3372
929,3373
929,3374
929,3375
930,3376
930,3377
930,3378
930,3379
930,3380
931,3381
931,3382
931,3383
931,3384
931,3385
938,3386
938,3387
938,3388
938,3389
938,3390
941,3391
941,3392
941,3393
941,3394
941,3395
942,3396
942,3397
942,3398
942,3399
942,3400
943,3401
943,3402
943,3403
943,3404
943,3405
944,3406
944,3407
944,3408
944,3409
944,3410
945,3411
945,3412
945,3413
945,3414
945,3415
946,3416
946,3417
946,3418
946,3419
946,3420
947,3421
947,3422
947,3423
947,3424
947,3425
948,3426
948,3427
948,3428
948,3429
948,3430
954,3431
954,3432
954,3433
954,3434
954,3435
955,3436
955,3437
955,3438
955,3439
955,3440
956,3441
956,3442
956,3443
956,3444
956,3445
957,3446
957,3447
957,3448
957,3449
957,3450
960,3451
960,3452
960,3453
960,3454
960,3455
963,3456
963,3457
963,3458
963,3459
963,3460
966,3461
966,3462
966,3463
966,3464
966,3465
969,3466
969,3467
969,3468
969,3469
969,3470
970,3471
970,3472
970,3473
970,3474
970,3475
971,3476
971,3477
971,3478
971,3479
971,3480
974,3481
974,3482
974,3483
974,3484
974,3485
975,3486
975,3487
975,3488
975,3489
975,3490
977,3491
977,3492
977,3493
977,3494
977,3495
978,3496
978,3497
978,3498
978,3499
978,3500
980,3501
980,3502
980,3503
980,3504
980,3505
983,3506
983,3507
983,3508
983,3509
983,3510
984,3511
984,3512
984,3513
984,3514
984,3515
985,3516
985,3517
985,3518
985,3519
985,3520
988,3521
988,3522
988,3523
988,3524
988,3525
989,3526
989,3527
989,3528
989,3529
989,3530
990,3531
990,3532
990,3533
990,3534
990,3535
993,3536
993,3537
993,3538
993,3539
993,3540
994,3541
994,3542
994,3543
994,3544
994,3545
995,3546
995,3547
995,3548
995,3549
995,3550
997,3551
997,3552
997,3553
997,3554
997,3555
998,3556
998,3557
998,3558
998,3559
998,3560
999,3561
999,3562
999,3563
999,3564
999,3565
1001,3566
1001,3567
1001,3568
1001,3569
1001,3570
1002,3571
1002,3572
1002,3573
1002,3574
1002,3575
1003,3576
1003,3577
1003,3578
1003,3579
1003,3580
1004,3581
1004,3582
1004,3583
1004,3584
1004,3585
1006,3586
1006,3587
1006,3588
1006,3589
1006,3590
1007,3591
1007,3592
1007,3593
1007,3594
1007,3595
1008,3596
1008,3597
1008,3598
1008,3599
1008,3600
1010,3601
1010,3602
1010,3603
1010,3604
1010,3605
1011,3606
1011,3607
1011,3608
1011,3609
1011,3610
1012,3611
1012,3612
1012,3613
1012,3614
1012,3615
1014,3616
1014,3617
1014,3618
1014,3619
1014,3620
1015,3621
1015,3622
1015,3623
1015,3624
1015,3625
1016,3626
1016,3627
1016,3628
1016,3629
1016,3630
1017,3631
1017,3632
1017,3633
1017,3634
1017,3635
1020,3636
1020,3637
1020,3638
1020,3639
1020,3640
1021,3641
1021,3642
1021,3643
1021,3644
1021,3645
1022,3646
1022,3647
1022,3648
1022,3649
1022,3650
1023,3651
1023,3652
1023,3653
1023,3654
1023,3655
1026,3656
1026,3657
1026,3658
1026,3659
1026,3660
1027,3661
1027,3662
1027,3663
1027,3664
1027,3665
1028,3666
1028,3667
1028,3668
1028,3669
1028,3670
1029,3671
1029,3672
1029,3673
1029,3674
1029,3675
1032,3676
1032,3677
1032,3678
1032,3679
1032,3680
1033,3681
1033,3682
1033,3683
1033,3684
1033,3685
1034,3686
1034,3687
1034,3688
1034,3689
1034,3690
1035,3691
1035,3692
1035,3693
1035,3694
1035,3695
1036,3696
1036,3697
1036,3698
1036,3699
1036,3700
1037,3701
1037,3702
1037,3703
1037,3704
1037,3705
1038,3706
1038,3707
1038,3708
1038,3709
1038,3710
1041,3711
1041,3712
1041,3713
1041,3714
1041,3715
1042,3716
1042,3717
1042,3718
1042,3719
1042,3720
1043,3721
1043,3722
1043,3723
1043,3724
1043,3725
1044,3726
1044,3727
1044,3728
1044,3729
1044,3730
1045,3731
1045,3732
1045,3733
1045,3734
1045,3735
1047,3736
1047,3737
1047,3738
1047,3739
1047,3740
1048,3741
1048,3742
1048,3743
1048,3744
1048,3745
1049,3746
1049,3747
1049,3748
1049,3749
1049,3750
1050,3751
1050,3752
1050,3753
1050,3754
1050,3755
1051,3756
1051,3757
1051,3758
1051,3759
1051,3760
1052,3761
1052,3762
1052,3763
1052,3764
1052,3765
1053,3766
1053,3767
1053,3768
1053,3769
1053,3770
1054,3771
1054,3772
1054,3773
1054,3774
1054,3775
1056,3776
1056,3777
1056,3778
1056,3779
1056,3780
1057,3781
1057,3782
1057,3783
1057,3784
1057,3785
1058,3786
1058,3787
1058,3788
1058,3789
1058,3790
1059,3791
1059,3792
1059,3793
1059,3794
1059,3795
1060,3796
1060,3797
1060,3798
1060,3799
1060,3800
1061,3801
1061,3802
1061,3803
1061,3804
1061,3805
1062,3806
1062,3807
1062,3808
1062,3809
1062,3810
1063,3811
1063,3812
1063,3813
1063,3814
1063,3815
1083,3816
1083,3817
1083,3818
1083,3819
1083,3820
1084,3821
1084,3822
1084,3823
1084,3824
1084,3825
1087,3826
1087,3827
1087,3828
1087,3829
1087,3830
1088,3831
1088,3832
1088,3833
1088,3834
1088,3835
1089,3836
1089,3837
1089,3838
1089,3839
1089,3840
1091,3841
1091,3842
1091,3843
1091,3844
1091,3845
1092,3846
1092,3847
1092,3848
1092,3849
1092,3850
1093,1526
1093,3851
1093,3852
1093,3853
1093,3854
1096,3855
1096,3856
1096,3857
1096,3858
1096,3859
1097,3860
1097,3861
1097,3862
1097,3863
1097,3864
1098,3865
1098,3866
1098,3867
1098,3868
1098,3869
1100,3870
1100,3871
1100,3872
1100,3873
1100,3874
1101,3875
1101,3876
1101,3877
1101,3878
1101,3879
1103,3880
1103,3881
1103,3882
1103,3883
1103,3884
1104,3885
1104,3886
1104,3887
1104,3888
1104,3889
1105,3890
1105,3891
1105,3892
1105,3893
1105,3894
1106,3895
1106,3896
1106,3897
1106,3898
1106,3899
1107,3900
1107,3901
1107,3902
1107,3903
1107,3904
1108,3905
1108,3906
1108,3907
1108,3908
1108,3909
1109,3910
1109,3911
1109,3912
1109,3913
1109,3914
1110,3915
1110,3916
1110,3917
1110,3918
1110,3919
1112,3920
1112,3921
1112,3922
1112,3923
1112,3924
1113,3925
1113,3926
1113,3927
1113,3928
1113,3929
1115,3930
1115,3931
1115,3932
1115,3933
1115,3934
1116,239
1116,3935
1116,3936
1116,3937
1116,3938
1117,1778
1117,3939
1117,3940
1117,3941
1117,3942
1118,3943
1118,3944
1118,3945
1118,3946
1118,3947
1119,3948
1119,3949
1119,3950
1119,3951
1119,3952
1122,3953
1122,3954
1122,3955
1122,3956
1122,3957
1123,3958
1123,3959
1123,3960
1123,3961
1123,3962
1124,3963
1124,3964
1124,3965
1124,3966
1124,3967
1125,3968
1125,3969
1125,3970
1125,3971
1125,3972
1126,3973
1126,3974
1126,3975
1126,3976
1126,3977
1127,3978
1127,3979
1127,3980
1127,3981
1127,3982
1130,3983
1130,3984
1130,3985
1130,3986
1130,3987
1131,3988
1131,3989
1131,3990
1131,3991
1131,3992
1132,3993
1132,3994
1132,3995
1132,3996
1132,3997
1133,3998
1133,3999
1133,4000
1133,4001
1133,4002
1134,4003
1134,4004
1134,4005
1134,4006
1134,4007
1136,4008
1136,4009
1136,4010
1136,4011
1136,4012
1137,4013
1137,4014
1137,4015
1137,4016
1137,4017
1138,4018
1138,4019
1138,4020
1138,4021
1138,4022
1140,4023
1140,4024
1140,4025
1140,4026
1140,4027
1141,4028
1141,4029
1141,4030
1141,4031
1141,4032
1142,4033
1142,4034
1142,4035
1142,4036
1142,4037
1143,4038
1143,4039
1143,4040
1143,4041
1143,4042
1144,4043
1144,4044
1144,4045
1144,4046
1144,4047
1145,4048
1145,4049
1145,4050
1145,4051
1145,4052
1151,4053
1151,4054
1151,4055
1151,4056
1151,4057
1152,4058
1152,4059
1152,4060
1152,4061
1152,4062
1154,4063
1154,4064
1154,4065
1154,4066
1154,4067
1155,4068
1155,4069
1155,4070
1155,4071
1155,4072
1156,4073
1156,4074
1156,4075
1156,4076
1156,4077
1157,4078
1157,4079
1157,4080
1157,4081
1157,4082
1160,4083
1160,4084
1160,4085
1160,4086
1160,4087
1161,4088
1161,4089
1161,4090
1161,4091
1161,4092
1163,4093
1163,4094
1163,4095
1163,4096
1163,4097
1164,4098
1164,4099
1164,4100
1164,4101
1164,4102
1165,4103
1165,4104
1165,4105
1165,4106
1165,4107
1166,4108
1166,4109
1166,4110
1166,4111
1166,4112
1167,4113
1167,4114
1167,4115
1167,4116
1167,4117
1169,4118
1169,4119
1169,4120
1169,4121
1169,4122
1170,4119
1170,4123
1170,4124
1170,4125
1170,4126
1173,4127
1173,4128
1173,4129
1173,4130
1173,4131
1174,4132
1174,4133
1174,4134
1174,4135
1174,4136
1176,4137
1176,4138
1176,4139
1176,4140
1176,4141
1177,4142
1177,4143
1177,4144
1177,4145
1177,4146
1178,4147
1178,4148
1178,4149
1178,4150
1178,4151
1179,4152
1179,4153
1179,4154
1179,4155
1179,4156
1182,4157
1182,4158
1182,4159
1182,4160
1182,4161
1183,4162
1183,4163
1183,4164
1183,4165
1183,4166
1184,4167
1184,4168
1184,4169
1184,4170
1184,4171
1185,4172
1185,4173
1185,4174
1185,4175
1185,4176
1186,4038
1186,4177
1186,4178
1186,4179
1186,4180
1187,4181
1187,4182
1187,4183
1187,4184
1187,4185
1188,4186
1188,4187
1188,4188
1188,4189
1188,4190
1189,4191
1189,4192
1189,4193
1189,4194
1189,4195
1190,4196
1190,4197
1190,4198
1190,4199
1190,4200
1191,4201
1191,4202
1191,4203
1191,4204
1191,4205
1193,4206
1193,4207
1193,4208
1193,4209
1193,4210
1194,4211
1194,4212
1194,4213
1194,4214
1194,4215
1195,4216
1195,4217
1195,4218
1195,4219
1195,4220
1196,4221
1196,4222
1196,4223
1196,4224
1196,4225
1198,4226
1198,4227
1198,4228
1198,4229
1198,4230
1199,4231
1199,4232
1199,4233
1199,4234
1199,4235
1200,4236
1200,4237
1200,4238
1200,4239
1200,4240
1201,4241
1201,4242
1201,4243
1201,4244
1201,4245
1202,4246
1202,4247
1202,4248
1202,4249
1202,4250
1205,4251
1205,4252
1205,4253
1205,4254
1205,4255
1206,4256
1206,4257
1206,4258
1206,4259
1206,4260
1207,4261
1207,4262
1207,4263
1207,4264
1207,4265
1209,2763
1209,4266
1209,4267
1209,4268
1209,4269
1210,4270
1210,4271
1210,4272
1210,4273
1210,4274
1211,4275
1211,4276
1211,4277
1211,4278
1211,4279
1212,4280
1212,4281
1212,4282
1212,4283
1212,4284
1213,4285
1213,4286
1213,4287
1213,4288
1213,4289
1214,4290
1214,4291
1214,4292
1214,4293
1214,4294
1215,4295
1215,4296
1215,4297
1215,4298
1215,4299
1217,4300
1217,4301
1217,4302
1217,4303
1217,4304
1218,4305
1218,4306
1218,4307
1218,4308
1218,4309
1219,4310
1219,4311
1219,4312
1219,4313
1219,4314
1220,4315
1220,4316
1220,4317
1220,4318
1220,4319
1221,4320
1221,4321
1221,4322
1221,4323
1221,4324
1222,4325
1222,4326
1222,4327
1222,4328
1222,4329
1223,4330
1223,4331
1223,4332
1223,4333
1223,4334
1224,4335
1224,4336
1224,4337
1224,4338
1224,4339
1225,4340
1225,4341
1225,4342
1225,4343
1225,4344
1226,4345
1226,4346
1226,4347
1226,4348
1226,4349
1227,4350
1227,4351
1227,4352
1227,4353
1227,4354
1228,4355
1228,4356
1228,4357
1228,4358
1228,4359
1229,4360
1229,4361
1229,4362
1229,4363
1229,4364
1230,4365
1230,4366
1230,4367
1230,4368
1230,4369
1253,3382
1253,4370
1253,4371
1253,4372
1253,4373
1254,4049
1254,4374
1254,4375
1254,4376
1254,4377
1255,4378
1255,4379
1255,4380
1255,4381
1255,4382
1256,4383
1256,4384
1256,4385
1256,4386
1256,4387
1257,4388
1257,4389
1257,4390
1257,4391
1257,4392
1258,4393
1258,4394
1258,4395
1258,4396
1258,4397
1259,4398
1259,4399
1259,4400
1259,4401
1259,4402
1261,4403
1261,4404
1261,4405
1261,4406
1261,4407
1262,1625
1262,4408
1262,4409
1262,4410
1262,4411
1263,4412
1263,4413
1263,4414
1263,4415
1263,4416
1264,4417
1264,4418
1264,4419
1264,4420
1264,4421
1265,4422
1265,4423
1265,4424
1265,4425
1265,4426
1266,4427
1266,4428
1266,4429
1266,4430
1266,4431
1267,1364
1267,4432
1267,4433
1267,4434
1267,4435
1268,3983
1268,4436
1268,4437
1268,4438
1268,4439
1269,4440
1269,4441
1269,4442
1269,4443
1269,4444
1270,4445
1270,4446
1270,4447
1270,4448
1270,4449
1271,4450
1271,4451
1271,4452
1271,4453
1271,4454
1272,4455
1272,4456
1272,4457
1272,4458
1272,4459
1274,4460
1274,4461
1274,4462
1274,4463
1274,4464
1275,4465
1275,4466
1275,4467
1275,4468
1275,4469
1276,4470
1276,4471
1276,4472
1276,4473
1276,4474
1277,4475
1277,4476
1277,4477
1277,4478
1277,4479
1278,4480
1278,4481
1278,4482
1278,4483
1278,4484
1279,4485
1279,4486
1279,4487
1279,4488
1279,4489
1281,4490
1281,4491
1281,4492
1281,4493
1281,4494
1282,4495
1282,4496
1282,4497
1282,4498
1282,4499
1283,4500
1283,4501
1283,4502
1283,4503
1283,4504
1284,4505
1284,4506
1284,4507
1284,4508
1284,4509
1285,4510
1285,4511
1285,4512
1285,4513
1285,4514
1286,4515
1286,4516
1286,4517
1286,4518
1286,4519
1287,4520
1287,4521
1287,4522
1287,4523
1287,4524
1288,4439
1288,4525
1288,4526
1288,4527
1288,4528
1289,1070
1289,3163
1289,4529
1289,4530
1289,4531
1292,4532
1292,4533
1292,4534
1292,4535
1292,4536
1293,4537
1293,4538
1293,4539
1293,4540
1293,4541
1296,4542
1296,4543
1296,4544
1296,4545
1296,4546
1297,4547
1297,4548
1297,4549
1297,4550
1297,4551
1300,4552
1300,4553
1300,4554
1300,4555
1300,4556
1301,4557
1301,4558
1301,4559
1301,4560
1301,4561
1302,4562
1302,4563
1302,4564
1302,4565
1302,4566
1304,4567
1304,4568
1304,4569
1304,4570
1304,4571
1305,4572
1305,4573
1305,4574
1305,4575
1305,4576
1308,4577
1308,4578
1308,4579
1308,4580
1308,4581
1309,4582
1309,4583
1309,4584
1309,4585
1309,4586
1310,4587
1310,4588
1310,4589
1310,4590
1310,4591
1311,4592
1311,4593
1311,4594
1311,4595
1311,4596
1312,4597
1312,4598
1312,4599
1312,4600
1312,4601
1313,4602
1313,4603
1313,4604
1313,4605
1313,4606
1314,4607
1314,4608
1314,4609
1314,4610
1314,4611
1315,4612
1315,4613
1315,4614
1315,4615
1315,4616
1322,4617
1322,4618
1322,4619
1322,4620
1322,4621
1323,4622
1323,4623
1323,4624
1323,4625
1323,4626
1324,4627
1324,4628
1324,4629
1324,4630
1324,4631
1325,4632
1325,4633
1325,4634
1325,4635
1325,4636
1326,4637
1326,4638
1326,4639
1326,4640
1326,4641
1327,4642
1327,4643
1327,4644
1327,4645
1327,4646
1328,4647
1328,4648
1328,4649
1328,4650
1328,4651
1329,4652
1329,4653
1329,4654
1329,4655
1329,4656
1330,4657
1330,4658
1330,4659
1330,4660
1330,4661
1331,4662
1331,4663
1331,4664
1331,4665
1331,4666
1333,4667
1333,4668
1333,4669
1333,4670
1333,4671
1334,4672
1334,4673
1334,4674
1334,4675
1334,4676
1335,4677
1335,4678
1335,4679
1335,4680
1335,4681
1336,4682
1336,4683
1336,4684
1336,4685
1336,4686
1338,4687
1338,4688
1338,4689
1338,4690
1338,4691
1339,4692
1339,4693
1339,4694
1339,4695
1339,4696
1340,4697
1340,4698
1340,4699
1340,4700
1340,4701
1341,4702
1341,4703
1341,4704
1341,4705
1341,4706
1342,4707
1342,4708
1342,4709
1342,4710
1342,4711
1345,4712
1345,4713
1345,4714
1345,4715
1345,4716
1346,4717
1346,4718
1346,4719
1346,4720
1346,4721
1347,4722
1347,4723
1347,4724
1347,4725
1347,4726
1348,4727
1348,4728
1348,4729
1348,4730
1348,4731
1349,4732
1349,4733
1349,4734
1349,4735
1349,4736
1352,4737
1352,4738
1352,4739
1352,4740
1352,4741
1353,4742
1353,4743
1353,4744
1353,4745
1353,4746
1354,4747
1354,4748
1354,4749
1354,4750
1354,4751
1356,4752
1356,4753
1356,4754
1356,4755
1356,4756
1357,4757
1357,4758
1357,4759
1357,4760
1357,4761
1358,4762
1358,4763
1358,4764
1358,4765
1358,4766
1360,4767
1360,4768
1360,4769
1360,4770
1360,4771
1361,4772
1361,4773
1361,4774
1361,4775
1361,4776
1362,4777
1362,4778
1362,4779
1362,4780
1362,4781
1363,2548
1363,4782
1363,4783
1363,4784
1363,4785
1364,4786
1364,4787
1364,4788
1364,4789
1364,4790
1365,4791
1365,4792
1365,4793
1365,4794
1365,4795
1367,4796
1367,4797
1367,4798
1367,4799
1367,4800
1368,4801
1368,4802
1368,4803
1368,4804
1368,4805
1369,4806
1369,4807
1369,4808
1369,4809
1369,4810
1370,4811
1370,4812
1370,4813
1370,4814
1370,4815
1371,4816
1371,4817
1371,4818
1371,4819
1371,4820
1372,4821
1372,4822
1372,4823
1372,4824
1372,4825
1373,4826
1373,4827
1373,4828
1373,4829
1373,4830
1374,4831
1374,4832
1374,4833
1374,4834
1374,4835
1375,4836
1375,4837
1375,4838
1375,4839
1375,4840
1376,4841
1376,4842
1376,4843
1376,4844
1376,4845
1377,4846
1377,4847
1377,4848
1377,4849
1377,4850
1379,4851
1379,4852
1379,4853
1379,4854
1379,4855
1380,4856
1380,4857
1380,4858
1380,4859
1380,4860
1381,4861
1381,4862
1381,4863
1381,4864
1381,4865
1382,4866
1382,4867
1382,4868
1382,4869
1382,4870
1383,4871
1383,4872
1383,4873
1383,4874
1383,4875
1384,4876
1384,4877
1384,4878
1384,4879
1384,4880
1386,4881
1386,4882
1386,4883
1386,4884
1386,4885
1387,4886
1387,4887
1387,4888
1387,4889
1387,4890
1388,4891
1388,4892
1388,4893
1388,4894
1388,4895
1389,4896
1389,4897
1389,4898
1389,4899
1389,4900
1390,4901
1390,4902
1390,4903
1390,4904
1390,4905
1391,4906
1391,4907
1391,4908
1391,4909
1391,4910
1392,2690
1392,4404
1392,4911
1392,4912
1392,4913
1394,4914
1394,4915
1394,4916
1394,4917
1394,4918
1395,4919
1395,4920
1395,4921
1395,4922
1395,4923
1396,4902
1396,4924
1396,4925
1396,4926
1396,4927
1397,4928
1397,4929
1397,4930
1397,4931
1397,4932
1398,4933
1398,4934
1398,4935
1398,4936
1398,4937
1399,4938
1399,4939
1399,4940
1399,4941
1399,4942
1400,4943
1400,4944
1400,4945
1400,4946
1400,4947
1401,4948
1401,4949
1401,4950
1401,4951
1401,4952
1402,4953
1402,4954
1402,4955
1402,4956
1402,4957
1405,4958
1405,4959
1405,4960
1405,4961
1405,4962
1406,4963
1406,4964
1406,4965
1406,4966
1406,4967
1407,4968
1407,4969
1407,4970
1407,4971
1407,4972
1408,4973
1408,4974
1408,4975
1408,4976
1408,4977
1410,2884
1410,4978
1410,4979
1410,4980
1410,4981
1411,4982
1411,4983
1411,4984
1411,4985
1411,4986
1412,4987
1412,4988
1412,4989
1412,4990
1412,4991
1415,4992
1415,4993
1415,4994
1415,4995
1415,4996
1416,4997
1416,4998
1416,4999
1416,5000
1416,5001
1419,5002
1419,5003
1419,5004
1419,5005
1419,5006
1420,5007
1420,5008
1420,5009
1420,5010
1420,5011
1421,5012
1421,5013
1421,5014
1421,5015
1421,5016
1422,5017
1422,5018
1422,5019
1422,5020
1422,5021
1424,5022
1424,5023
1424,5024
1424,5025
1424,5026
1425,2555
1425,5027
1425,5028
1425,5029
1425,5030
1426,5031
1426,5032
1426,5033
1426,5034
1426,5035
1427,5036
1427,5037
1427,5038
1427,5039
1427,5040
1428,5041
1428,5042
1428,5043
1428,5044
1428,5045
1440,5046
1440,5047
1440,5048
1440,5049
1440,5050
1451,5051
1451,5052
1451,5053
1451,5054
1451,5055
1452,5056
1452,5057
1452,5058
1452,5059
1452,5060
1453,5061
1453,5062
1453,5063
1453,5064
1453,5065
1456,5066
1456,5067
1456,5068
1456,5069
1456,5070
1457,5071
1457,5072
1457,5073
1457,5074
1457,5075
1458,5076
1458,5077
1458,5078
1458,5079
1458,5080
1459,5081
1459,5082
1459,5083
1459,5084
1459,5085
1460,5086
1460,5087
1460,5088
1460,5089
1460,5090
1461,5091
1461,5092
1461,5093
1461,5094
1461,5095
1462,5096
1462,5097
1462,5098
1462,5099
1462,5100
1463,5101
1463,5102
1463,5103
1463,5104
1463,5105
1464,5106
1464,5107
1464,5108
1464,5109
1464,5110
1465,5111
1465,5112
1465,5113
1465,5114
1465,5115
1466,5116
1466,5117
1466,5118
1466,5119
1466,5120
1467,5121
1467,5122
1467,5123
1467,5124
1467,5125
1470,5126
1470,5127
1470,5128
1470,5129
1470,5130
1471,5131
1471,5132
1471,5133
1471,5134
1471,5135
1472,5136
1472,5137
1472,5138
1472,5139
1472,5140
1473,5141
1473,5142
1473,5143
1473,5144
1473,5145
1474,5146
1474,5147
1474,5148
1474,5149
1474,5150
1475,5151
1475,5152
1475,5153
1475,5154
1475,5155
1476,5156
1476,5157
1476,5158
1476,5159
1476,5160
1477,5161
1477,5162
1477,5163
1477,5164
1477,5165
1478,5166
1478,5167
1478,5168
1478,5169
1478,5170
1479,5171
1479,5172
1479,5173
1479,5174
1479,5175
1480,5176
1480,5177
1480,5178
1480,5179
1480,5180
1481,5181
1481,5182
1481,5183
1481,5184
1481,5185
1483,5186
1483,5187
1483,5188
1483,5189
1483,5190
1484,5191
1484,5192
1484,5193
1484,5194
1484,5195
1485,5196
1485,5197
1485,5198
1485,5199
1485,5200
1488,5201
1488,5202
1488,5203
1488,5204
1488,5205
1489,5206
1489,5207
1489,5208
1489,5209
1489,5210
1490,5211
1490,5212
1490,5213
1490,5214
1490,5215
1491,5216
1491,5217
1491,5218
1491,5219
1491,5220
1492,5221
1492,5222
1492,5223
1492,5224
1492,5225
1493,5226
1493,5227
1493,5228
1493,5229
1493,5230
1495,5231
1495,5232
1495,5233
1495,5234
1495,5235
1497,5236
1497,5237
1497,5238
1497,5239
1497,5240
1498,5241
1498,5242
1498,5243
1498,5244
1498,5245
1499,5246
1499,5247
1499,5248
1499,5249
1499,5250
1500,5251
1500,5252
1500,5253
1500,5254
1500,5255
1501,5256
1501,5257
1501,5258
1501,5259
1501,5260
1502,5261
1502,5262
1502,5263
1502,5264
1502,5265
1503,5266
1503,5267
1503,5268
1503,5269
1503,5270
1504,5271
1504,5272
1504,5273
1504,5274
1504,5275
1505,5276
1505,5277
1505,5278
1505,5279
1505,5280
1508,5281
1508,5282
1508,5283
1508,5284
1508,5285
1509,5281
1509,5286
1509,5287
1509,5288
1509,5289
1510,5290
1510,5291
1510,5292
1510,5293
1510,5294
1513,5295
1513,5296
1513,5297
1513,5298
1513,5299
1514,3182
1514,4443
1514,5300
1514,5301
1514,5302
1515,5303
1515,5304
1515,5305
1515,5306
1515,5307
1518,5308
1518,5309
1518,5310
1518,5311
1518,5312
1519,5313
1519,5314
1519,5315
1519,5316
1519,5317
1520,5318
1520,5319
1520,5320
1520,5321
1520,5322
1521,5323
1521,5324
1521,5325
1521,5326
1521,5327
1522,5328
1522,5329
1522,5330
1522,5331
1522,5332
1523,5333
1523,5334
1523,5335
1523,5336
1523,5337
1524,5338
1524,5339
1524,5340
1524,5341
1524,5342
1525,5343
1525,5344
1525,5345
1525,5346
1525,5347
1528,5348
1528,5349
1528,5350
1528,5351
1528,5352
1529,5353
1529,5354
1529,5355
1529,5356
1529,5357
1530,5358
1530,5359
1530,5360
1530,5361
1530,5362
1531,5363
1531,5364
1531,5365
1531,5366
1531,5367
1532,5368
1532,5369
1532,5370
1532,5371
1532,5372
1533,5129
1533,5373
1533,5374
1533,5375
1533,5376
1534,5377
1534,5378
1534,5379
1534,5380
1534,5381
1535,5382
1535,5383
1535,5384
1535,5385
1535,5386
1536,5387
1536,5388
1536,5389
1536,5390
1536,5391
1537,5392
1537,5393
1537,5394
1537,5395
1537,5396
1538,5397
1538,5398
1538,5399
1538,5400
1538,5401
1540,5402
1540,5403
1540,5404
1540,5405
1540,5406
1542,5407
1542,5408
1542,5409
1542,5410
1542,5411
1544,5412
1544,5413
1544,5414
1544,5415
1544,5416
1545,5417
1545,5418
1545,5419
1545,5420
1545,5421
1546,5422
1546,5423
1546,5424
1546,5425
1546,5426
1547,5427
1547,5428
1547,5429
1547,5430
1547,5431
1548,5432
1548,5433
1548,5434
1548,5435
1548,5436
1549,5437
1549,5438
1549,5439
1549,5440
1549,5441
1550,5442
1550,5443
1550,5444
1550,5445
1550,5446
1551,5447
1551,5448
1551,5449
1551,5450
1551,5451
1552,5452
1552,5453
1552,5454
1552,5455
1552,5456
1553,5457
1553,5458
1553,5459
1553,5460
1553,5461
1556,5462
1556,5463
1556,5464
1556,5465
1556,5466
1557,95
1557,5467
1557,5468
1557,5469
1557,5470
1558,5471
1558,5472
1558,5473
1558,5474
1558,5475
1559,5476
1559,5477
1559,5478
1559,5479
1559,5480
1560,5481
1560,5482
1560,5483
1560,5484
1560,5485
1561,5486
1561,5487
1561,5488
1561,5489
1561,5490
1562,5491
1562,5492
1562,5493
1562,5494
1562,5495
1563,5496
1563,5497
1563,5498
1563,5499
1563,5500
1564,5501
1564,5502
1564,5503
1564,5504
1564,5505
1566,5506
1566,5507
1566,5508
1566,5509
1566,5510
1567,5511
1567,5512
1567,5513
1567,5514
1567,5515
1568,5516
1568,5517
1568,5518
1568,5519
1568,5520
1570,1037
1570,5521
1570,5522
1570,5523
1570,5524
1571,5525
1571,5526
1571,5527
1571,5528
1571,5529
1572,5530
1572,5531
1572,5532
1572,5533
1572,5534
1573,5535
1573,5536
1573,5537
1573,5538
1573,5539
1574,5536
1574,5540
1574,5541
1574,5542
1574,5543
1575,969
1575,971
1575,5544
1575,5545
1575,5546
1576,5547
1576,5548
1576,5549
1576,5550
1576,5551
1577,5552
1577,5553
1577,5554
1577,5555
1577,5556
1578,5557
1578,5558
1578,5559
1578,5560
1578,5561
1581,5562
1581,5563
1581,5564
1581,5565
1581,5566
1582,3319
1582,4046
1582,5563
1582,5567
1582,5568
1583,5563
1583,5569
1583,5570
1583,5571
1583,5572
1584,5573
1584,5574
1584,5575
1584,5576
1584,5577
1585,5578
1585,5579
1585,5580
1585,5581
1585,5582
1586,5583
1586,5584
1586,5585
1586,5586
1586,5587
1587,5588
1587,5589
1587,5590
1587,5591
1587,5592
1588,5526
1588,5593
1588,5594
1588,5595
1588,5596
1589,5597
1589,5598
1589,5599
1589,5600
1589,5601
1592,5602
1592,5603
1592,5604
1592,5605
1592,5606
1593,5607
1593,5608
1593,5609
1593,5610
1593,5611
1594,5612
1594,5613
1594,5614
1594,5615
1594,5616
1595,4439
1595,5617
1595,5618
1595,5619
1595,5620
1596,5621
1596,5622
1596,5623
1596,5624
1596,5625
1597,5626
1597,5627
1597,5628
1597,5629
1597,5630
1598,5622
1598,5631
1598,5632
1598,5633
1598,5634
1601,5635
1601,5636
1601,5637
1601,5638
1601,5639
1602,5640
1602,5641
1602,5642
1602,5643
1602,5644
1603,5645
1603,5646
1603,5647
1603,5648
1603,5649
1604,5650
1604,5651
1604,5652
1604,5653
1604,5654
1605,5655
1605,5656
1605,5657
1605,5658
1605,5659
1606,5660
1606,5661
1606,5662
1606,5663
1606,5664
1607,1529
1607,5665
1607,5666
1607,5667
1607,5668
1608,5669
1608,5670
1608,5671
1608,5672
1608,5673
1610,5674
1610,5675
1610,5676
1610,5677
1610,5678
1611,5644
1611,5679
1611,5680
1611,5681
1611,5682
1614,5683
1614,5684
1614,5685
1614,5686
1614,5687
1615,5688
1615,5689
1615,5690
1615,5691
1615,5692
1618,5693
1618,5694
1618,5695
1618,5696
1618,5697
1619,3365
1619,5698
1619,5699
1619,5700
1619,5701
1620,5702
1620,5703
1620,5704
1620,5705
1620,5706
1621,5707
1621,5708
1621,5709
1621,5710
1621,5711
1622,5712
1622,5713
1622,5714
1622,5715
1622,5716
1623,5717
1623,5718
1623,5719
1623,5720
1623,5721
1624,5722
1624,5723
1624,5724
1624,5725
1624,5726
1625,5727
1625,5728
1625,5729
1625,5730
1625,5731
1626,5732
1626,5733
1626,5734
1626,5735
1626,5736
1629,5737
1629,5738
1629,5739
1629,5740
1629,5741
1630,5303
1630,5742
1630,5743
1630,5744
1630,5745
1631,5746
1631,5747
1631,5748
1631,5749
1631,5750
1632,5747
1632,5751
1632,5752
1632,5753
1632,5754
1634,5755
1634,5756
1634,5757
1634,5758
1634,5759
1635,5760
1635,5761
1635,5762
1635,5763
1635,5764
1636,5765
1636,5766
1636,5767
1636,5768
1636,5769
1638,5770
1638,5771
1638,5772
1638,5773
1638,5774
1639,5775
1639,5776
1639,5777
1639,5778
1639,5779
1640,5780
1640,5781
1640,5782
1640,5783
1640,5784
1641,5785
1641,5786
1641,5787
1641,5788
1641,5789
1642,5790
1642,5791
1642,5792
1642,5793
1642,5794
1643,5795
1643,5796
1643,5797
1643,5798
1643,5799
1644,5800
1644,5801
1644,5802
1644,5803
1644,5804
1645,5805
1645,5806
1645,5807
1645,5808
1645,5809
1646,5810
1646,5811
1646,5812
1646,5813
1646,5814
1647,5815
1647,5816
1647,5817
1647,5818
1647,5819
1648,5820
1648,5821
1648,5822
1648,5823
1648,5824
1649,5801
1649,5825
1649,5826
1649,5827
1649,5828
1650,787
1650,5829
1650,5830
1650,5831
1650,5832
1653,5833
1653,5834
1653,5835
1653,5836
1653,5837
1654,5838
1654,5839
1654,5840
1654,5841
1654,5842
1655,5843
1655,5844
1655,5845
1655,5846
1655,5847
1656,5848
1656,5849
1656,5850
1656,5851
1656,5852
1657,5853
1657,5854
1657,5855
1657,5856
1657,5857
1658,5858
1658,5859
1658,5860
1658,5861
1658,5862
1659,5863
1659,5864
1659,5865
1659,5866
1659,5867
1660,5868
1660,5869
1660,5870
1660,5871
1660,5872
1661,5873
1661,5874
1661,5875
1661,5876
1661,5877
1664,5878
1664,5879
1664,5880
1664,5881
1664,5882
1665,5883
1665,5884
1665,5885
1665,5886
1665,5887
1666,5888
1666,5889
1666,5890
1666,5891
1666,5892
1667,870
1667,5893
1667,5894
1667,5895
1667,5896
1668,5897
1668,5898
1668,5899
1668,5900
1668,5901
1669,5902
1669,5903
1669,5904
1669,5905
1669,5906
1670,5907
1670,5908
1670,5909
1670,5910
1670,5911
1671,5912
1671,5913
1671,5914
1671,5915
1671,5916
1674,5917
1674,5918
1674,5919
1674,5920
1674,5921
1675,5922
1675,5923
1675,5924
1675,5925
1675,5926
1676,5927
1676,5928
1676,5929
1676,5930
1676,5931
1677,5932
1677,5933
1677,5934
1677,5935
1677,5936
1678,5937
1678,5938
1678,5939
1678,5940
1678,5941
1679,5942
1679,5943
1679,5944
1679,5945
1679,5946
1680,5947
1680,5948
1680,5949
1680,5950
1680,5951
1681,5952
1681,5953
1681,5954
1681,5955
1681,5956
1682,5957
1682,5958
1682,5959
1682,5960
1682,5961
1685,5962
1685,5963
1685,5964
1685,5965
1685,5966
1686,5967
1686,5968
1686,5969
1686,5970
1686,5971
1687,5972
1687,5973
1687,5974
1687,5975
1687,5976
1688,5977
1688,5978
1688,5979
1688,5980
1688,5981
1690,5982
1690,5983
1690,5984
1690,5985
1690,5986
1691,5987
1691,5988
1691,5989
1691,5990
1691,5991
1692,5992
1692,5993
1692,5994
1692,5995
1692,5996
1693,5997
1693,5998
1693,5999
1693,6000
1693,6001
1694,6002
1694,6003
1694,6004
1694,6005
1694,6006
1696,6007
1696,6008
1696,6009
1696,6010
1696,6011
1697,6012
1697,6013
1697,6014
1697,6015
1697,6016
1698,6017
1698,6018
1698,6019
1698,6020
1698,6021
1699,6022
1699,6023
1699,6024
1699,6025
1699,6026
1701,6027
1701,6028
1701,6029
1701,6030
1701,6031
1702,6032
1702,6033
1702,6034
1702,6035
1702,6036
1703,6037
1703,6038
1703,6039
1703,6040
1703,6041
1704,5275
1704,6042
1704,6043
1704,6044
1704,6045
1705,6046
1705,6047
1705,6048
1705,6049
1705,6050
1706,6051
1706,6052
1706,6053
1706,6054
1706,6055
1708,6056
1708,6057
1708,6058
1708,6059
1708,6060
1709,6061
1709,6062
1709,6063
1709,6064
1709,6065
1710,6066
1710,6067
1710,6068
1710,6069
1710,6070
1711,5941
1711,6071
1711,6072
1711,6073
1711,6074
1712,6075
1712,6076
1712,6077
1712,6078
1712,6079
1713,6080
1713,6081
1713,6082
1713,6083
1713,6084
1714,6085
1714,6086
1714,6087
1714,6088
1714,6089
1715,6090
1715,6091
1715,6092
1715,6093
1715,6094
1718,6095
1718,6096
1718,6097
1718,6098
1718,6099
1719,6100
1719,6101
1719,6102
1719,6103
1719,6104
1720,6105
1720,6106
1720,6107
1720,6108
1720,6109
1721,6066
1721,6110
1721,6111
1721,6112
1721,6113
1722,6114
1722,6115
1722,6116
1722,6117
1722,6118
1723,5941
1723,6119
1723,6120
1723,6121
1723,6122
1724,5941
1724,5957
1724,6123
1724,6124
1724,6125
1725,5952
1725,6126
1725,6127
1725,6128
1725,6129
1728,6130
1728,6131
1728,6132
1728,6133
1728,6134
1729,6135
1729,6136
1729,6137
1729,6138
1729,6139
1730,6140
1730,6141
1730,6142
1730,6143
1730,6144
1731,6145
1731,6146
1731,6147
1731,6148
1731,6149
1732,6139
1732,6150
1732,6151
1732,6152
1732,6153
1733,6154
1733,6155
1733,6156
1733,6157
1733,6158
1734,6139
1734,6159
1734,6160
1734,6161
1734,6162
1735,6163
1735,6164
1735,6165
1735,6166
1735,6167
1736,6168
1736,6169
1736,6170
1736,6171
1736,6172
1739,6173
1739,6174
1739,6175
1739,6176
1739,6177
1740,6178
1740,6179
1740,6180
1740,6181
1740,6182
1741,5364
1741,6174
1741,6183
1741,6184
1741,6185
1744,6186
1744,6187
1744,6188
1744,6189
1744,6190
1745,6191
1745,6192
1745,6193
1745,6194
1745,6195
1746,6196
1746,6197
1746,6198
1746,6199
1746,6200
1749,6201
1749,6202
1749,6203
1749,6204
1749,6205
1750,6206
1750,6207
1750,6208
1750,6209
1750,6210
1751,6211
1751,6212
1751,6213
1751,6214
1751,6215
1752,6216
1752,6217
1752,6218
1752,6219
1752,6220
1753,6221
1753,6222
1753,6223
1753,6224
1753,6225
1755,6226
1755,6227
1755,6228
1755,6229
1755,6230
1756,6231
1756,6232
1756,6233
1756,6234
1756,6235
1757,6236
1757,6237
1757,6238
1757,6239
1757,6240
1758,6241
1758,6242
1758,6243
1758,6244
1758,6245
1759,6246
1759,6247
1759,6248
1759,6249
1759,6250
1760,6251
1760,6252
1760,6253
1760,6254
1760,6255
1761,6256
1761,6257
1761,6258
1761,6259
1761,6260
1762,6261
1762,6262
1762,6263
1762,6264
1762,6265
1763,6266
1763,6267
1763,6268
1763,6269
1763,6270
1764,6271
1764,6272
1764,6273
1764,6274
1764,6275
1767,6276
1767,6277
1767,6278
1767,6279
1767,6280
1768,6281
1768,6282
1768,6283
1768,6284
1768,6285
1769,6286
1769,6287
1769,6288
1769,6289
1769,6290
1770,6291
1770,6292
1770,6293
1770,6294
1770,6295
1771,6296
1771,6297
1771,6298
1771,6299
1771,6300
1772,6301
1772,6302
1772,6303
1772,6304
1772,6305
1773,6306
1773,6307
1773,6308
1773,6309
1773,6310
1774,6311
1774,6312
1774,6313
1774,6314
1774,6315
1775,6316
1775,6317
1775,6318
1775,6319
1775,6320
1778,6321
1778,6322
1778,6323
1778,6324
1778,6325
1779,6326
1779,6327
1779,6328
1779,6329
1779,6330
1780,6331
1780,6332
1780,6333
1780,6334
1780,6335
1783,6336
1783,6337
1783,6338
1783,6339
1783,6340
1784,6341
1784,6342
1784,6343
1784,6344
1784,6345
1785,6346
1785,6347
1785,6348
1785,6349
1785,6350
1788,6351
1788,6352
1788,6353
1788,6354
1788,6355
1789,6356
1789,6357
1789,6358
1789,6359
1789,6360
1790,6361
1790,6362
1790,6363
1790,6364
1790,6365
1793,6366
1793,6367
1793,6368
1793,6369
1793,6370
1794,6371
1794,6372
1794,6373
1794,6374
1794,6375
1795,6376
1795,6377
1795,6378
1795,6379
1795,6380
1798,6381
1798,6382
1798,6383
1798,6384
1798,6385
1799,6386
1799,6387
1799,6388
1799,6389
1799,6390
1800,6391
1800,6392
1800,6393
1800,6394
1800,6395
1803,6396
1803,6397
1803,6398
1803,6399
1803,6400
1804,6401
1804,6402
1804,6403
1804,6404
1804,6405
1805,6406
1805,6407
1805,6408
1805,6409
1805,6410
1808,6411
1808,6412
1808,6413
1808,6414
1808,6415
1809,6416
1809,6417
1809,6418
1809,6419
1809,6420
1810,6421
1810,6422
1810,6423
1810,6424
1810,6425
1811,6426
1811,6427
1811,6428
1811,6429
1811,6430
1812,6431
1812,6432
1812,6433
1812,6434
1812,6435
1813,6425
1813,6436
1813,6437
1813,6438
1813,6439
1814,6440
1814,6441
1814,6442
1814,6443
1814,6444
1817,6445
1817,6446
1817,6447
1817,6448
1817,6449
1818,6450
1818,6451
1818,6452
1818,6453
1818,6454
1819,6455
1819,6456
1819,6457
1819,6458
1819,6459
1820,6460
1820,6461
1820,6462
1820,6463
1820,6464
1821,6465
1821,6466
1821,6467
1821,6468
1821,6469
1822,5739
1822,6470
1822,6471
1822,6472
1822,6473
1823,2803
1823,6474
1823,6475
1823,6476
1823,6477
1825,6478
1825,6479
1825,6480
1825,6481
1825,6482
1826,6483
1826,6484
1826,6485
1826,6486
1826,6487
1828,6488
1828,6489
1828,6490
1828,6491
1828,6492
1829,6493
1829,6494
1829,6495
1829,6496
1829,6497
1830,6498
1830,6499
1830,6500
1830,6501
1830,6502
1832,6503
1832,6504
1832,6505
1832,6506
1832,6507
1833,6508
1833,6509
1833,6510
1833,6511
1833,6512
1834,6513
1834,6514
1834,6515
1834,6516
1834,6517
1836,6518
1836,6519
1836,6520
1836,6521
1836,6522
1837,6523
1837,6524
1837,6525
1837,6526
1837,6527
1838,6528
1838,6529
1838,6530
1838,6531
1838,6532
1839,6533
1839,6534
1839,6535
1839,6536
1839,6537
1840,6538
1840,6539
1840,6540
1840,6541
1840,6542
1841,6543
1841,6544
1841,6545
1841,6546
1841,6547
1842,6537
1842,6548
1842,6549
1842,6550
1842,6551
1843,6552
1843,6553
1843,6554
1843,6555
1843,6556
1844,6557
1844,6558
1844,6559
1844,6560
1844,6561
1847,6562
1847,6563
1847,6564
1847,6565
1847,6566
1848,6567
1848,6568
1848,6569
1848,6570
1848,6571
1849,6572
1849,6573
1849,6574
1849,6575
1849,6576
1850,6566
1850,6577
1850,6578
1850,6579
1850,6580
1851,6581
1851,6582
1851,6583
1851,6584
1851,6585
1852,2001
1852,6586
1852,6587
1852,6588
1852,6589
1853,6590
1853,6591
1853,6592
1853,6593
1853,6594
1854,6595
1854,6596
1854,6597
1854,6598
1854,6599
1855,6600
1855,6601
1855,6602
1855,6603
1855,6604
1858,6605
1858,6606
1858,6607
1858,6608
1858,6609
1859,6610
1859,6611
1859,6612
1859,6613
1859,6614
1860,6615
1860,6616
1860,6617
1860,6618
1860,6619
1861,6620
1861,6621
1861,6622
1861,6623
1861,6624
1862,6625
1862,6626
1862,6627
1862,6628
1862,6629
1863,3684
1863,6630
1863,6631
1863,6632
1863,6633
1864,6634
1864,6635
1864,6636
1864,6637
1864,6638
1865,6639
1865,6640
1865,6641
1865,6642
1865,6643
1866,6644
1866,6645
1866,6646
1866,6647
1866,6648
1869,6649
1869,6650
1869,6651
1869,6652
1869,6653
1870,6654
1870,6655
1870,6656
1870,6657
1870,6658
1873,6659
1873,6660
1873,6661
1873,6662
1873,6663
1874,6664
1874,6665
1874,6666
1874,6667
1874,6668
1875,6669
1875,6670
1875,6671
1875,6672
1875,6673
1876,6674
1876,6675
1876,6676
1876,6677
1876,6678
1877,6679
1877,6680
1877,6681
1877,6682
1877,6683
1878,972
1878,6684
1878,6685
1878,6686
1878,6687
1879,6688
1879,6689
1879,6690
1879,6691
1879,6692
1880,6693
1880,6694
1880,6695
1880,6696
1880,6697
1882,6698
1882,6699
1882,6700
1882,6701
1882,6702
1883,6703
1883,6704
1883,6705
1883,6706
1883,6707
1884,5461
1884,6708
1884,6709
1884,6710
1884,6711
1885,6712
1885,6713
1885,6714
1885,6715
1885,6716
1886,2666
1886,6717
1886,6718
1886,6719
1886,6720
1887,6721
1887,6722
1887,6723
1887,6724
1887,6725
1889,6726
1889,6727
1889,6728
1889,6729
1889,6730
1890,6731
1890,6732
1890,6733
1890,6734
1890,6735
1891,6736
1891,6737
1891,6738
1891,6739
1891,6740
1892,6741
1892,6742
1892,6743
1892,6744
1892,6745
1893,6746
1893,6747
1893,6748
1893,6749
1893,6750
1894,6751
1894,6752
1894,6753
1894,6754
1894,6755
1895,6756
1895,6757
1895,6758
1895,6759
1895,6760
1896,6761
1896,6762
1896,6763
1896,6764
1896,6765
1897,6766
1897,6767
1897,6768
1897,6769
1897,6770
1898,6771
1898,6772
1898,6773
1898,6774
1898,6775
1899,6776
1899,6777
1899,6778
1899,6779
1899,6780
1900,6781
1900,6782
1900,6783
1900,6784
1900,6785
1903,6786
1903,6787
1903,6788
1903,6789
1903,6790
1905,6791
1905,6792
1905,6793
1905,6794
1905,6795
1906,6796
1906,6797
1906,6798
1906,6799
1906,6800
1907,6801
1907,6802
1907,6803
1907,6804
1907,6805
1908,6806
1908,6807
1908,6808
1908,6809
1908,6810
1909,6811
1909,6812
1909,6813
1909,6814
1909,6815
1910,6816
1910,6817
1910,6818
1910,6819
1910,6820
1911,6821
1911,6822
1911,6823
1911,6824
1911,6825
1912,6826
1912,6827
1912,6828
1912,6829
1912,6830
1913,6831
1913,6832
1913,6833
1913,6834
1913,6835
1916,6836
1916,6837
1916,6838
1916,6839
1916,6840
1918,6841
1918,6842
1918,6843
1918,6844
1918,6845
1919,6846
1919,6847
1919,6848
1919,6849
1919,6850
1920,6851
1920,6852
1920,6853
1920,6854
1920,6855
1921,6856
1921,6857
1921,6858
1921,6859
1921,6860
1922,6861
1922,6862
1922,6863
1922,6864
1922,6865
1923,6866
1923,6867
1923,6868
1923,6869
1923,6870
1924,6871
1924,6872
1924,6873
1924,6874
1924,6875
1925,6876
1925,6877
1925,6878
1925,6879
1925,6880
1926,6881
1926,6882
1926,6883
1926,6884
1926,6885
1927,6886
1927,6887
1927,6888
1927,6889
1927,6890
1928,6891
1928,6892
1928,6893
1928,6894
1928,6895
1931,6896
1931,6897
1931,6898
1931,6899
1931,6900
1932,6901
1932,6902
1932,6903
1932,6904
1932,6905
1933,6906
1933,6907
1933,6908
1933,6909
1933,6910
1934,6911
1934,6912
1934,6913
1934,6914
1934,6915
1935,6916
1935,6917
1935,6918
1935,6919
1935,6920
1936,6921
1936,6922
1936,6923
1936,6924
1936,6925
1937,6926
1937,6927
1937,6928
1937,6929
1937,6930
1938,6931
1938,6932
1938,6933
1938,6934
1938,6935
1939,6936
1939,6937
1939,6938
1939,6939
1939,6940
1942,6941
1942,6942
1942,6943
1942,6944
1942,6945
1943,6946
1943,6947
1943,6948
1943,6949
1943,6950
1944,6951
1944,6952
1944,6953
1944,6954
1944,6955
1946,6956
1946,6957
1946,6958
1946,6959
1946,6960
1947,6961
1947,6962
1947,6963
1947,6964
1947,6965
1948,6966
1948,6967
1948,6968
1948,6969
1948,6970
1949,6971
1949,6972
1949,6973
1949,6974
1949,6975
1950,6976
1950,6977
1950,6978
1950,6979
1950,6980
1951,4237
1951,6981
1951,6982
1951,6983
1951,6984
1953,6985
1953,6986
1953,6987
1953,6988
1953,6989
1954,6990
1954,6991
1954,6992
1954,6993
1954,6994
1955,6995
1955,6996
1955,6997
1955,6998
1955,6999
1956,7000
1956,7001
1956,7002
1956,7003
1956,7004
1957,7005
1957,7006
1957,7007
1957,7008
1957,7009
1958,7010
1958,7011
1958,7012
1958,7013
1958,7014
1959,7015
1959,7016
1959,7017
1959,7018
1959,7019
1960,7020
1960,7021
1960,7022
1960,7023
1960,7024
1961,7025
1961,7026
1961,7027
1961,7028
1961,7029
1963,7030
1963,7031
1963,7032
1963,7033
1963,7034
1964,7035
1964,7036
1964,7037
1964,7038
1964,7039
1965,7040
1965,7041
1965,7042
1965,7043
1965,7044
1966,7045
1966,7046
1966,7047
1966,7048
1966,7049
1967,7050
1967,7051
1967,7052
1967,7053
1967,7054
1968,7055
1968,7056
1968,7057
1968,7058
1968,7059
1969,7060
1969,7061
1969,7062
1969,7063
1969,7064
1970,7065
1970,7066
1970,7067
1970,7068
1970,7069
1971,7070
1971,7071
1971,7072
1971,7073
1971,7074
1972,7075
1972,7076
1972,7077
1972,7078
1972,7079
1973,7080
1973,7081
1973,7082
1973,7083
1973,7084
1974,7085
1974,7086
1974,7087
1974,7088
1974,7089
1977,7090
1977,7091
1977,7092
1977,7093
1977,7094
1978,7095
1978,7096
1978,7097
1978,7098
1978,7099
1979,7100
1979,7101
1979,7102
1979,7103
1979,7104
1980,7105
1980,7106
1980,7107
1980,7108
1980,7109
1981,7110
1981,7111
1981,7112
1981,7113
1981,7114
1982,7115
1982,7116
1982,7117
1982,7118
1982,7119
1983,7120
1983,7121
1983,7122
1983,7123
1983,7124
1984,7125
1984,7126
1984,7127
1984,7128
1984,7129
1985,7130
1985,7131
1985,7132
1985,7133
1985,7134
1986,7135
1986,7136
1986,7137
1986,7138
1986,7139
1987,7140
1987,7141
1987,7142
1987,7143
1987,7144
1988,7145
1988,7146
1988,7147
1988,7148
1988,7149
1991,7150
1991,7151
1991,7152
1991,7153
1991,7154
1992,6003
1992,7155
1992,7156
1992,7157
1992,7158
1993,7159
1993,7160
1993,7161
1993,7162
1993,7163
1994,7164
1994,7165
1994,7166
1994,7167
1994,7168
1995,7169
1995,7170
1995,7171
1995,7172
1995,7173
1996,7174
1996,7175
1996,7176
1996,7177
1996,7178
1999,7179
1999,7180
1999,7181
1999,7182
1999,7183
2000,7184
2000,7185
2000,7186
2000,7187
2000,7188
2002,5207
2002,7189
2002,7190
2002,7191
2002,7192
2003,7193
2003,7194
2003,7195
2003,7196
2003,7197
2004,7198
2004,7199
2004,7200
2004,7201
2004,7202
2006,7203
2006,7204
2006,7205
2006,7206
2006,7207
2007,7208
2007,7209
2007,7210
2007,7211
2007,7212
2008,7213
2008,7214
2008,7215
2008,7216
2008,7217
2009,7218
2009,7219
2009,7220
2009,7221
2009,7222
2011,7223
2011,7224
2011,7225
2011,7226
2011,7227
2012,7228
2012,7229
2012,7230
2012,7231
2012,7232
2013,7233
2013,7234
2013,7235
2013,7236
2013,7237
2014,7238
2014,7239
2014,7240
2014,7241
2014,7242
2015,7243
2015,7244
2015,7245
2015,7246
2015,7247
2016,7248
2016,7249
2016,7250
2016,7251
2016,7252
2018,6337
2018,7253
2018,7254
2018,7255
2018,7256
2019,7257
2019,7258
2019,7259
2019,7260
2019,7261
2020,7262
2020,7263
2020,7264
2020,7265
2020,7266
2021,7267
2021,7268
2021,7269
2021,7270
2021,7271
2022,7272
2022,7273
2022,7274
2022,7275
2022,7276
2023,7277
2023,7278
2023,7279
2023,7280
2023,7281
2024,7282
2024,7283
2024,7284
2024,7285
2024,7286
2025,7287
2025,7288
2025,7289
2025,7290
2025,7291
2026,7292
2026,7293
2026,7294
2026,7295
2026,7296
2027,7297
2027,7298
2027,7299
2027,7300
2027,7301
2028,7302
2028,7303
2028,7304
2028,7305
2028,7306
2029,7307
2029,7308
2029,7309
2029,7310
2029,7311
2030,7312
2030,7313
2030,7314
2030,7315
2030,7316
2031,7317
2031,7318
2031,7319
2031,7320
2031,7321
2032,7322
2032,7323
2032,7324
2032,7325
2032,7326
2033,7327
2033,7328
2033,7329
2033,7330
2033,7331
2034,7332
2034,7333
2034,7334
2034,7335
2034,7336
2035,7337
2035,7338
2035,7339
2035,7340
2035,7341
2036,7342
2036,7343
2036,7344
2036,7345
2036,7346
2037,7347
2037,7348
2037,7349
2037,7350
2037,7351
2039,7352
2039,7353
2039,7354
2039,7355
2039,7356
2040,7357
2040,7358
2040,7359
2040,7360
2040,7361
2042,7362
2042,7363
2042,7364
2042,7365
2042,7366
2043,7367
2043,7368
2043,7369
2043,7370
2043,7371
2045,7372
2045,7373
2045,7374
2045,7375
2045,7376
2046,7377
2046,7378
2046,7379
2046,7380
2046,7381
2048,3967
2048,7382
2048,7383
2048,7384
2048,7385
2049,7386
2049,7387
2049,7388
2049,7389
2049,7390
2051,7391
2051,7392
2051,7393
2051,7394
2051,7395
2052,7396
2052,7397
2052,7398
2052,7399
2052,7400
2053,7401
2053,7402
2053,7403
2053,7404
2053,7405
2054,7406
2054,7407
2054,7408
2054,7409
2054,7410
2055,7411
2055,7412
2055,7413
2055,7414
2055,7415
2056,7416
2056,7417
2056,7418
2056,7419
2056,7420
2057,7421
2057,7422
2057,7423
2057,7424
2057,7425
2058,7426
2058,7427
2058,7428
2058,7429
2058,7430
2059,7431
2059,7432
2059,7433
2059,7434
2059,7435
2060,7436
2060,7437
2060,7438
2060,7439
2060,7440
2061,7441
2061,7442
2061,7443
2061,7444
2061,7445
2063,7446
2063,7447
2063,7448
2063,7449
2063,7450
2064,7451
2064,7452
2064,7453
2064,7454
2064,7455
2065,7456
2065,7457
2065,7458
2065,7459
2065,7460
2066,7461
2066,7462
2066,7463
2066,7464
2066,7465
2068,7466
2068,7467
2068,7468
2068,7469
2068,7470
2069,7471
2069,7472
2069,7473
2069,7474
2069,7475
2070,7476
2070,7477
2070,7478
2070,7479
2070,7480
2072,7481
2072,7482
2072,7483
2072,7484
2072,7485
2073,7486
2073,7487
2073,7488
2073,7489
2073,7490
2074,7491
2074,7492
2074,7493
2074,7494
2074,7495
2075,7496
2075,7497
2075,7498
2075,7499
2075,7500
2076,7501
2076,7502
2076,7503
2076,7504
2076,7505
2077,7506
2077,7507
2077,7508
2077,7509
2077,7510
2078,7511
2078,7512
2078,7513
2078,7514
2078,7515
2079,7516
2079,7517
2079,7518
2079,7519
2079,7520
2080,645
2080,7521
2080,7522
2080,7523
2080,7524
2081,7525
2081,7526
2081,7527
2081,7528
2081,7529
2082,7530
2082,7531
2082,7532
2082,7533
2082,7534
2084,7535
2084,7536
2084,7537
2084,7538
2084,7539
2085,7540
2085,7541
2085,7542
2085,7543
2085,7544
2086,7545
2086,7546
2086,7547
2086,7548
2086,7549
2087,7550
2087,7551
2087,7552
2087,7553
2087,7554
2088,7555
2088,7556
2088,7557
2088,7558
2088,7559
2089,7560
2089,7561
2089,7562
2089,7563
2089,7564
2090,794
2090,7565
2090,7566
2090,7567
2090,7568
2091,7569
2091,7570
2091,7571
2091,7572
2091,7573
2092,7574
2092,7575
2092,7576
2092,7577
2092,7578
2093,7579
2093,7580
2093,7581
2093,7582
2093,7583
2094,7584
2094,7585
2094,7586
2094,7587
2094,7588
2095,7589
2095,7590
2095,7591
2095,7592
2095,7593
2097,7594
2097,7595
2097,7596
2097,7597
2097,7598
2098,630
2098,7599
2098,7600
2098,7601
2098,7602
2099,7603
2099,7604
2099,7605
2099,7606
2099,7607
2100,7608
2100,7609
2100,7610
2100,7611
2100,7612
2102,7613
2102,7614
2102,7615
2102,7616
2102,7617
2103,7618
2103,7619
2103,7620
2103,7621
2103,7622
2104,7623
2104,7624
2104,7625
2104,7626
2104,7627
2106,7628
2106,7629
2106,7630
2106,7631
2106,7632
2107,7633
2107,7634
2107,7635
2107,7636
2107,7637
2108,7638
2108,7639
2108,7640
2108,7641
2108,7642
2109,7643
2109,7644
2109,7645
2109,7646
2109,7647
2111,7648
2111,7649
2111,7650
2111,7651
2111,7652
2112,7653
2112,7654
2112,7655
2112,7656
2112,7657
2113,7658
2113,7659
2113,7660
2113,7661
2113,7662
2115,7663
2115,7664
2115,7665
2115,7666
2115,7667
2116,7668
2116,7669
2116,7670
2116,7671
2116,7672
2117,7673
2117,7674
2117,7675
2117,7676
2117,7677
2118,7678
2118,7679
2118,7680
2118,7681
2118,7682
2120,7683
2120,7684
2120,7685
2120,7686
2120,7687
2121,7688
2121,7689
2121,7690
2121,7691
2121,7692
2122,7693
2122,7694
2122,7695
2122,7696
2122,7697
2123,7698
2123,7699
2123,7700
2123,7701
2123,7702
2124,7703
2124,7704
2124,7705
2124,7706
2124,7707
2125,7708
2125,7709
2125,7710
2125,7711
2125,7712
2126,7713
2126,7714
2126,7715
2126,7716
2126,7717
2127,7718
2127,7719
2127,7720
2127,7721
2127,7722
2128,7723
2128,7724
2128,7725
2128,7726
2128,7727
2130,7728
2130,7729
2130,7730
2130,7731
2130,7732
2131,6749
2131,7733
2131,7734
2131,7735
2131,7736
2132,7737
2132,7738
2132,7739
2132,7740
2132,7741
2134,7742
2134,7743
2134,7744
2134,7745
2134,7746
2135,7747
2135,7748
2135,7749
2135,7750
2135,7751
2136,7752
2136,7753
2136,7754
2136,7755
2136,7756
2138,7757
2138,7758
2138,7759
2138,7760
2138,7761
2139,7762
2139,7763
2139,7764
2139,7765
2139,7766
2140,7767
2140,7768
2140,7769
2140,7770
2140,7771
2141,7772
2141,7773
2141,7774
2141,7775
2141,7776
2143,7777
2143,7778
2143,7779
2143,7780
2143,7781
2144,7782
2144,7783
2144,7784
2144,7785
2144,7786
2146,7787
2146,7788
2146,7789
2146,7790
2146,7791
2147,1055
2147,7792
2147,7793
2147,7794
2147,7795
2148,2415
2148,7796
2148,7797
2148,7798
2148,7799
2149,7800
2149,7801
2149,7802
2149,7803
2149,7804
2151,7805
2151,7806
2151,7807
2151,7808
2151,7809
2152,7810
2152,7811
2152,7812
2152,7813
2152,7814
2153,7815
2153,7816
2153,7817
2153,7818
2153,7819
2154,7820
2154,7821
2154,7822
2154,7823
2154,7824
2156,7825
2156,7826
2156,7827
2156,7828
2156,7829
2157,1232
2157,7830
2157,7831
2157,7832
2157,7833
2158,7834
2158,7835
2158,7836
2158,7837
2158,7838
2159,7839
2159,7840
2159,7841
2159,7842
2159,7843
2160,7844
2160,7845
2160,7846
2160,7847
2160,7848
2161,7849
2161,7850
2161,7851
2161,7852
2161,7853
2162,7854
2162,7855
2162,7856
2162,7857
2162,7858
2163,7859
2163,7860
2163,7861
2163,7862
2163,7863
2164,7864
2164,7865
2164,7866
2164,7867
2164,7868
2165,7869
2165,7870
2165,7871
2165,7872
2165,7873
2166,7874
2166,7875
2166,7876
2166,7877
2166,7878
2167,7879
2167,7880
2167,7881
2167,7882
2167,7883
